SET NAMES 'utf8mb4';
SET CHARACTER SET utf8mb4;


INSERT INTO `store` (`account`, `store_name`, `store_location`, `password`, `permission`) VALUES
('taipei', '總店', '台北市信義區松高路11號', 'taipei2025', 'admin'),
('taichung', '台中門市', '台中市西區公益路68號', 'taichung2025', 'basic'),
('kaohsiung', '高雄門市', '高雄市前鎮區中華五路789號', 'kaohsiung2025', 'basic'),
('tainan', '台南門市', '台南市東區中華東路123號', 'tainan2025', 'basic'),
('hsinchu', '新竹門市', '新竹市東區光復路二段101號', 'hsinchu2025', 'basic'),
('newtaipei', '新北門市', '新北市板橋區縣民大道二段7號', 'newtaipei2025', 'basic'),
('taoyuan', '桃園門市', '桃園市中壢區元化路357號', 'taoyuan2025', 'basic'),
('keelung', '基隆門市', '基隆市仁愛區仁一路55號', 'keelung2025', 'basic'),
('chiayi', '嘉義門市', '嘉義市東區民生路99號', 'chiayi2025', 'basic'),
('yilan', '宜蘭門市', '宜蘭縣宜蘭市民權路二段38號', 'yilan2025', 'basic');

INSERT INTO `member` (`member_code`, `name`, `birthday`, `gender`, `blood_type`, `line_id`, `address`, `inferrer_id`, `phone`, `occupation`, `note`, `store_id`) VALUES
('M001', '陳愛麗絲', '1990-05-15', 'Female', 'A', 'alice_chen', '台北市信義區松高路101號10樓', NULL, '0912345678', '老師', '第一位加入的會員', 1),
('M002', '王柏博', '1988-10-21', 'Male', 'B', 'bob_wang88', '台中市西屯區台灣大道三段88號5樓', NULL, '0922333444', '工程師', '愛麗絲推薦加入', 2),
('M003', '林佳熙', '1995-03-08', 'Female', 'O', 'cathy_lin95', '高雄市苓雅區五福三路168號9樓', NULL, '0933555666', '設計師', '', 3);
INSERT INTO `member` (`member_code`, `name`, `birthday`, `gender`, `blood_type`, `line_id`, `address`, `inferrer_id`, `phone`, `occupation`, `note`, `store_id`) VALUES
('M004', '劉大衛', '1992-07-19', 'Male', 'AB', 'davidliu92', '台南市中西區民權路二段55號6樓', NULL, '0988777666', '醫生', '王柏博的老朋友', 4),
('M005', '黃怡華', '1998-12-05', 'Female', 'A', 'eva_huang', '新竹市東區光復路一段123號4樓', NULL, '0977665544', '學生', '新加入會員', 5);
INSERT INTO `member` (`member_code`, `name`, `birthday`, `gender`, `blood_type`, `line_id`, `address`, `inferrer_id`, `phone`, `occupation`, `note`, `store_id`) VALUES
('M006', '謝志強', '1985-11-30', 'Male', 'O', 'frank_hsieh', '宜蘭縣羅東鎮中正路200號3樓', NULL, '0955888999', '業務員', '活動中認識', 6),
('M007', '吳芷恩', '1991-02-25', 'Female', 'B', 'grace_wu', '嘉義市東區吳鳳北路66號2樓', NULL, '0966777788', '護士', '劉大衛的家人', 7);
INSERT INTO `member` (`member_code`, `name`, `birthday`, `gender`, `blood_type`, `line_id`, `address`, `inferrer_id`, `phone`, `occupation`, `note`, `store_id`) VALUES
('M008', '張睿恩', '1994-08-17', 'Female', 'A', 'rebecca_zhang', '桃園市中壢區中山路123號2樓', NULL, '0911223344', '行銷專員', '', 8),
('M009', '曾柏宇', '1987-01-05', 'Male', 'B', 'boyu_tseng', '苗栗縣竹南鎮大同路100號4樓', NULL, '0922555666', '律師', '', 9),
('M010', '呂芳儀', '1990-06-22', 'Female', 'O', 'fiona_lu', '南投市中興路200號3樓', NULL, '0933111222', '心理師', '', 10);



INSERT INTO `micro_surgery` (`micro_surgery_selection`, `micro_surgery_description`) VALUES
('臉部微整', '眼袋手術'),
('鼻部整形', '隆鼻手術'),
('注射填充', '玻尿酸'),
('肉毒桿菌', '除皺'),
('雷射療程', '淡化疤痕'),
('電波拉皮', '緊緻肌膚'),
('自體脂肪移植', '臉部填充'),
('微針療程', '改善膚質'),
('複合式療程', '全臉美容'),
('醫學美容', '改善暗沉');

INSERT INTO `product` (`code`, `name`, `price`, `purchase_price`, `status`) VALUES
('SKN001', '保濕面膜', 580.00, 350.00, 'PUBLISHED'),
('SKN002', '精華液', 1200.00, 720.00, 'PUBLISHED'),
('SKN003', '潔面乳', 450.00, 260.00, 'PUBLISHED'),
('SKN004', '保濕乳液', 780.00, 480.00, 'PUBLISHED'),
('SKN005', '防曬霜', 650.00, 390.00, 'PUBLISHED'),
('SUP001', '膠原蛋白粉', 1500.00, 900.00, 'PUBLISHED'),
('SUP002', '維他命C', 850.00, 510.00, 'PUBLISHED'),
('SUP003', '魚油', 720.00, 420.00, 'PUBLISHED'),
('HRB001', '舒壓茶包', 380.00, 210.00, 'PUBLISHED'),
('HRB002', '薰衣草精油', 550.00, 330.00, 'PUBLISHED'),
('PSA1000', '抺茶肽-單盒', 1100.00, NULL, 'PUBLISHED'),
('PSA2000', '洛神肽-單盒', 1100.00, NULL, 'PUBLISHED'),
('PSB1000', '複食好食-單盒', 520.00, NULL, 'PUBLISHED'),
('PSO0100', '花暹子-單盒', 350.00, NULL, 'PUBLISHED'),
('PSS0100', '能量霜-單瓶', 350.00, NULL, 'PUBLISHED'),
('PCP0100', '三合一(7小包)-單袋', 2350.00, NULL, 'PUBLISHED'),
('PCP0200', '三合一(14小包)-單袋', 4700.00, NULL, 'PUBLISHED'),
('PCP0300', 'FTC-單瓶', 2660.00, NULL, 'PUBLISHED'),
('PCP0400', '光之旅-單瓶', 620.00, NULL, 'PUBLISHED'),
('PCP0500', '有機彩虹藜麥-3罐', 1000.00, NULL, 'PUBLISHED'),
('PCP0600', '芝麻醬-3罐', 800.00, NULL, 'PUBLISHED'),
('PCC0001', '二代健檢全身', 29800.00, NULL, 'PUBLISHED'),
('SMA0100', '乙太修復棒--每組', 3000.00, NULL, 'PUBLISHED'),
('SMA0200', 'VBH筋膜刀-每支', 1600.00, NULL, 'PUBLISHED'),
('SMA0300', '動力鞋-每組', 1000.00, NULL, 'PUBLISHED'),
('SMA0400', '量子握力棒-每組', 300.00, NULL, 'PUBLISHED'),
('SMA0500', 'MINI HPA能量帶(紫)-每條', 200.00, NULL, 'PUBLISHED'),
('SMA0600', 'MINI 紫色能量片-每組', 300.00, NULL, 'PUBLISHED'),
('SMA0700', 'MINI 紫色大貼片-每組', 90.00, NULL, 'PUBLISHED'),
('SMA0800', 'MINI 紫色小貼片-每組', 75.00, NULL, 'PUBLISHED'),
('SMA0900', 'MINI 眼部貼片-每組', 85.00, NULL, 'PUBLISHED'),
('SMA1000', 'MINI 主機-黑色攜行箱-每個', 550.00, NULL, 'PUBLISHED'),
('SMA1100', 'MINI 配件-黑色攜行箱-每個', 420.00, NULL, 'PUBLISHED'),
('SMA1200', 'MINI 操件手冊-每本', 200.00, NULL, 'PUBLISHED'),
('SMW0100', 'MINI QP 電源線-每組', 420.00, NULL, 'PUBLISHED'),
('SMW0200', 'MINI QP 正極線-每條', 420.00, NULL, 'PUBLISHED'),
('SMW0300', 'MINI QP 負極線-每條', 420.00, NULL, 'PUBLISHED'),
('SMW0400', 'MINI QP 正負極線-每條', 420.00, NULL, 'PUBLISHED'),
('SMW0500', 'MINI QP 針插線-每條', 350.00, NULL, 'PUBLISHED'),
('SMW0600', 'MINI QP 遙控單-每個', 200.00, NULL, 'PUBLISHED'),
('SHA0100', '正負同源除濕棒-每支', 1500.00, NULL, 'PUBLISHED'),
('SHA0200', '大金除濕棒-每支', 1400.00, NULL, 'PUBLISHED'),
('SHA0300', '正負同源臉雕塑儀-每支', 1300.00, NULL, 'PUBLISHED'),
('SHA0400', '小V臉雕塑儀-每支', 1200.00, NULL, 'PUBLISHED'),
('SHA0500', '粉紅萬用能量片-每組', 160.00, NULL, 'PUBLISHED'),
('SHA0600', 'HPA能量帶(藍)-每條', 200.00, NULL, 'PUBLISHED'),
('SHA0700', '長型能量片-每組', 450.00, NULL, 'PUBLISHED'),
('SHA0800', 'HPA 平面能量片-每組', 300.00, NULL, 'PUBLISHED'),
('SHA0900', '手雷-每組', 150.00, NULL, 'PUBLISHED'),
('SHA1000', 'HPA 大白貼片-每組', 90.00, NULL, 'PUBLISHED'),
('SHA1100', 'HPA 小白貼片-每組', 75.00, NULL, 'PUBLISHED'),
('SHA1200', '噴瓶-每支', 100.00, NULL, 'PUBLISHED'),
('SHA1400', '40公分綁帶-每組', 50.00, NULL, 'PUBLISHED'),
('SHA1500', '120公分綁帶-每條', 70.00, NULL, 'PUBLISHED'),
('SHA1600', '後背包', 399.00, NULL, 'PUBLISHED'),
('SHA1700', '儀器操作手冊-每本', 350.00, NULL, 'PUBLISHED'),
('SHW0100', 'HPA 一代一出四線-每條', 310.00, NULL, 'PUBLISHED'),
('SHW0200', 'HPA 一代正極線-每條', 220.00, NULL, 'PUBLISHED'),
('SHW0300', 'HPA 一代負極線-每條', 220.00, NULL, 'PUBLISHED'),
('SHW0400', 'HPA 一代針插線-每條', 220.00, NULL, 'PUBLISHED'),
('SHW0500', 'HPA 二代一出四線-每條', 515.00, NULL, 'PUBLISHED'),
('SHW0600', 'HPA 二代正極線-每條', 420.00, NULL, 'PUBLISHED'),
('SHW0700', 'HPA 二代負極線-每條', 420.00, NULL, 'PUBLISHED'),
('SHW0800', 'HPA 二代針插線-每條', 350.00, NULL, 'PUBLISHED'),
('SPO0100', 'IPN大毛巾-每條', 100.00, NULL, 'PUBLISHED'),
('SPO0200', 'IPN小毛巾-每條', 35.00, NULL, 'PUBLISHED'),
('SPO0300', '面膜罩/熱敷巾-3條', 200.00, NULL, 'PUBLISHED'),
('SPO0400', 'IPN訂製床罩', 420.00, NULL, 'PUBLISHED'),
('SPO0500', '不識布床巾-每捲', 330.00, NULL, 'PUBLISHED'),
('SPO0600', '七脈輪巾-每條', 300.00, NULL, 'PUBLISHED'),
('SPO0700', '叭叭巾-每條', 400.00, NULL, 'PUBLISHED'),
('SPO0800', '面膜(濕)5片-每盒', 400.00, NULL, 'PUBLISHED'),
('SSO0100', 'IPN行李箱-每個', 750.00, NULL, 'PUBLISHED'),
('SSO0200', '全崴搖搖杯-每個', 90.00, NULL, 'PUBLISHED'),
('SSO0300', '艾草除濕包-每包', 130.00, NULL, 'PUBLISHED'),
('SSO0400', '脈輪皂-每個', 400.00, NULL, 'PUBLISHED'),
('SSO0500', 'IPN  Polo衫', 550.00, NULL, 'PUBLISHED'),
('SSO0600', 'IPN能量師灰色制服-每套', 900.00, NULL, 'PUBLISHED'),
('SSO0700', 'IPN調理服-每套', 435.00, NULL, 'PUBLISHED'),
('SSO0800', 'IPN圍裙', 300.00, NULL, 'PUBLISHED'),
('SCP0101', '初級一階課程-系統', 0.00, NULL, 'PUBLISHED'),
('SCP0102', '初級一階課程-自費', 4600.00, NULL, 'PUBLISHED'),
('SCP0103', '初級一階課程-複訓', 1000.00, NULL, 'PUBLISHED'),
('SCP0201', '初級二階課程-系統', 0.00, NULL, 'PUBLISHED'),
('SCP0202', '初級二階課程-自費', 4600.00, NULL, 'PUBLISHED'),
('SCP0203', '初級二階課程-複訓', 1000.00, NULL, 'PUBLISHED'),
('SCP0301', '初級三階課程-系統', 0.00, NULL, 'PUBLISHED'),
('SCP0302', '初級三階課程-自費', 4600.00, NULL, 'PUBLISHED'),
('SCP0303', '初級三階課程-複訓', 1000.00, NULL, 'PUBLISHED'),
('SCP0401', '初級四階課程-系統', 0.00, NULL, 'PUBLISHED'),
('SCP0402', '初級四階課程-自費', 4600.00, NULL, 'PUBLISHED'),
('SCP0403', '初級四階課程-複訓', 1000.00, NULL, 'PUBLISHED'),
('PSA1003', '抺茶肽-24盒-單盒價', 1300.00, NULL, 'PUBLISHED'),
('PSA2001', '洛神肽-24盒-單盒價', 1300.00, NULL, 'PUBLISHED'),
('PSB1001', '複食好食-24盒-單盒價', 660.00, NULL, 'PUBLISHED'),
('PSO0101', '花暹子-單盒', 500.00, NULL, 'PUBLISHED'),
('PSO0102', '花暹子-三盒/單盒價', 470.00, NULL, 'PUBLISHED'),
('PSO0103', '花暹子-六盒/單盒價', 440.00, NULL, 'PUBLISHED'),
('PSS0101', '能量霜-20瓶-單瓶價', 450.00, NULL, 'PUBLISHED'),
('PCP0101', '三合一(7小包)-單袋', 2450.00, NULL, 'PUBLISHED'),
('PCP0201', '三合一(14小包)-單袋', 4900.00, NULL, 'PUBLISHED'),
('PCP0301', 'FTC-單瓶', 2830.00, NULL, 'PUBLISHED'),
('PCP0401', '光之旅-單瓶價', 800.00, NULL, 'PUBLISHED'),
('PCP0402', '光之旅-6瓶-單瓶價', 720.00, NULL, 'PUBLISHED'),
('PCP0501', '有機彩虹藜麥-3罐', 1050.00, NULL, 'PUBLISHED'),
('PCP0601', '芝麻醬-3罐', 900.00, NULL, 'PUBLISHED'),
('SMA0101', '乙太修復棒--每組', 3200.00, NULL, 'PUBLISHED'),
('SMA0201', 'VBH筋膜刀-每支', 2000.00, NULL, 'PUBLISHED'),
('SMA0301', '動力鞋-每組', 1200.00, NULL, 'PUBLISHED'),
('SMA0401', '量子握力棒-每組', 400.00, NULL, 'PUBLISHED'),
('SMA0501', 'MINI HPA能量帶(紫)-每條', 300.00, NULL, 'PUBLISHED'),
('SMA0601', 'MINI 紫色能量片-每組', 400.00, NULL, 'PUBLISHED'),
('SMA0701', 'MINI 紫色大貼片-每組', 120.00, NULL, 'PUBLISHED'),
('SMA0801', 'MINI 紫色小貼片-每組', 100.00, NULL, 'PUBLISHED'),
('SMA0901', 'MINI 眼部貼片-每組', 120.00, NULL, 'PUBLISHED'),
('SMA1001', 'MINI 主機-黑色攜行箱-每個', 620.00, NULL, 'PUBLISHED'),
('SMA1101', 'MINI 配件-黑色攜行箱-每個', 450.00, NULL, 'PUBLISHED'),
('SMA1201', 'MINI 操件手冊-每本', 250.00, NULL, 'PUBLISHED'),
('SMW0101', 'MINI QP 電源線-每組', 430.00, NULL, 'PUBLISHED'),
('SMW0201', 'MINI QP 正極線-每條', 430.00, NULL, 'PUBLISHED'),
('SMW0301', 'MINI QP 負極線-每條', 430.00, NULL, 'PUBLISHED'),
('SMW0401', 'MINI QP 正負極線-每條', 430.00, NULL, 'PUBLISHED'),
('SMW0501', 'MINI QP 針插線-每條', 380.00, NULL, 'PUBLISHED'),
('SMW0601', 'MINI QP 遙控單-每個', 250.00, NULL, 'PUBLISHED'),
('SHA0101', '正負同源除濕棒-每支', 1600.00, NULL, 'PUBLISHED'),
('SHA0201', '大金除濕棒-每支', 1500.00, NULL, 'PUBLISHED'),
('SHA0301', '正負同源臉雕塑儀-每支', 1400.00, NULL, 'PUBLISHED'),
('SHA0401', '小V臉雕塑儀-每支', 1300.00, NULL, 'PUBLISHED'),
('SHA0501', '粉紅萬用能量片-每組', 300.00, NULL, 'PUBLISHED'),
('SHA0601', 'HPA能量帶(藍)-每條', 300.00, NULL, 'PUBLISHED'),
('SHA0701', '長型能量片-每組', 500.00, NULL, 'PUBLISHED'),
('SHA0801', 'HPA 平面能量片-每組', 400.00, NULL, 'PUBLISHED'),
('SHA0901', '手雷-每組', 300.00, NULL, 'PUBLISHED'),
('SHA1001', 'HPA 大白貼片-每組', 120.00, NULL, 'PUBLISHED'),
('SHA1101', 'HPA 小白貼片-每組', 100.00, NULL, 'PUBLISHED'),
('SHA1401', '40公分綁帶-每組', 60.00, NULL, 'PUBLISHED'),
('SHA1501', '120公分綁帶-每條', 90.00, NULL, 'PUBLISHED'),
('SHW0101', 'HPA 一代一出四線-每條', 320.00, NULL, 'PUBLISHED'),
('SHW0201', 'HPA 一代正極線-每條', 230.00, NULL, 'PUBLISHED'),
('SHW0301', 'HPA 一代負極線-每條', 230.00, NULL, 'PUBLISHED'),
('SHW0401', 'HPA 一代針插線-每條', 230.00, NULL, 'PUBLISHED'),
('SHW0501', 'HPA 二代一出四線-每條', 515.00, NULL, 'PUBLISHED'),
('SHW0601', 'HPA 二代正極線-每條', 430.00, NULL, 'PUBLISHED'),
('SHW0701', 'HPA 二代負極線-每條', 430.00, NULL, 'PUBLISHED'),
('SHW0801', 'HPA 二代針插線-每條', 380.00, NULL, 'PUBLISHED'),
('SPO0101', 'IPN大毛巾-每條', 120.00, NULL, 'PUBLISHED'),
('SPO0201', 'IPN小毛巾-每條', 40.00, NULL, 'PUBLISHED'),
('SPO0301', '面膜罩/熱敷巾-3條', 220.00, NULL, 'PUBLISHED'),
('SPO0401', 'IPN訂製床罩', 500.00, NULL, 'PUBLISHED'),
('SPO0501', '不識布床巾-每捲', 380.00, NULL, 'PUBLISHED'),
('SPO0601', '七脈輪巾-每條', 350.00, NULL, 'PUBLISHED'),
('SPO0701', '叭叭巾-每條', 420.00, NULL, 'PUBLISHED'),
('SPO0801', '面膜(濕)5片-每盒', 480.00, NULL, 'PUBLISHED'),
('SSO0101', 'IPN行李箱-每個', 1000.00, NULL, 'PUBLISHED'),
('SSO0201', '全崴搖搖杯-每個', 100.00, NULL, 'PUBLISHED'),
('SSO0301', '艾草除濕包-每包', 150.00, NULL, 'PUBLISHED'),
('SSO0401', '脈輪皂-每個', 480.00, NULL, 'PUBLISHED'),
('PSA1002', '抺茶肽-單盒價', 1400.00, NULL, 'PUBLISHED'),
('PSA2002', '洛神肽-單盒價', 1400.00, NULL, 'PUBLISHED'),
('PSA2003', '洛神肽-24盒-單盒價', 1350.00, NULL, 'PUBLISHED'),
('PSB1002', '複食好食-單盒價', 840.00, NULL, 'PUBLISHED'),
('PSB1003', '複食好食-24盒-單盒價', 750.00, NULL, 'PUBLISHED'),
('PSO0104', '花暹子-單盒', 540.00, NULL, 'PUBLISHED'),
('PSO0105', '花暹子-三盒/單盒價', 515.00, NULL, 'PUBLISHED'),
('PSO0106', '花暹子-六盒/單盒價', 460.00, NULL, 'PUBLISHED'),
('PSS0102', '能量霜-單瓶價', 600.00, NULL, 'PUBLISHED'),
('PCP0102', '三合一(7小包)-單袋', 2500.00, NULL, 'PUBLISHED'),
('PCP0202', '三合一(14小包)-單袋', 5000.00, NULL, 'PUBLISHED'),
('PCP0502', '有機彩虹藜麥-3罐', 1100.00, NULL, 'PUBLISHED'),
('PCP0503', '有機彩虹藜麥-單罐', 390.00, NULL, 'PUBLISHED'),
('PCP0602', '芝麻醬-3罐', 1000.00, NULL, 'PUBLISHED'),
('PCP0603', '芝麻醬-單罐', 450.00, NULL, 'PUBLISHED'),
('SMA0102', '乙太修復棒--每組', 4000.00, NULL, 'PUBLISHED'),
('SMA0202', 'VBH筋膜刀-每支', 2400.00, NULL, 'PUBLISHED'),
('SMA0302', '動力鞋-每組', 1300.00, NULL, 'PUBLISHED'),
('SMA0402', '量子握力棒-每組', 480.00, NULL, 'PUBLISHED'),
('SMA0602', 'MINI 紫色能量片-每組', 450.00, NULL, 'PUBLISHED'),
('SMA0702', 'MINI 紫色大貼片-每組', 200.00, NULL, 'PUBLISHED'),
('SMA0802', 'MINI 紫色小貼片-每組', 150.00, NULL, 'PUBLISHED'),
('SMA0902', 'MINI 眼部貼片-每組', 170.00, NULL, 'PUBLISHED'),
('SMA1002', 'MINI 主機-黑色攜行箱-每個', 680.00, NULL, 'PUBLISHED'),
('SMA1102', 'MINI 配件-黑色攜行箱-每個', 500.00, NULL, 'PUBLISHED'),
('SMA1202', 'MINI 操件手冊-每本', 300.00, NULL, 'PUBLISHED'),
('SMW0102', 'MINI QP 電源線-每組', 450.00, NULL, 'PUBLISHED'),
('SMW0202', 'MINI QP 正極線-每條', 450.00, NULL, 'PUBLISHED'),
('SMW0302', 'MINI QP 負極線-每條', 450.00, NULL, 'PUBLISHED'),
('SMW0402', 'MINI QP 正負極線-每條', 450.00, NULL, 'PUBLISHED'),
('SMW0502', 'MINI QP 針插線-每條', 400.00, NULL, 'PUBLISHED'),
('SMW0602', 'MINI QP 遙控單-每個', 300.00, NULL, 'PUBLISHED'),
('SHA0102', '正負同源除濕棒-每支', 1800.00, NULL, 'PUBLISHED'),
('SHA0202', '大金除濕棒-每支', 1700.00, NULL, 'PUBLISHED'),
('SHA0302', '正負同源臉雕塑儀-每支', 1600.00, NULL, 'PUBLISHED'),
('SHA0402', '小V臉雕塑儀-每支', 1500.00, NULL, 'PUBLISHED'),
('SHA0702', '長型能量片-每組', 550.00, NULL, 'PUBLISHED'),
('SHA0802', 'HPA 平面能量片-每組', 450.00, NULL, 'PUBLISHED'),
('SHA1002', 'HPA 大白貼片-每組', 200.00, NULL, 'PUBLISHED'),
('SHA1102', 'HPA 小白貼片-每組', 150.00, NULL, 'PUBLISHED'),
('SHA1201', '噴瓶-每支', 150.00, NULL, 'PUBLISHED'),
('SHA1402', '40公分綁帶-每組', 80.00, NULL, 'PUBLISHED'),
('SHA1502', '120公分綁帶-每條', 120.00, NULL, 'PUBLISHED'),
('SHA1701', '儀器操作手冊-每本', 400.00, NULL, 'PUBLISHED'),
('SHW0102', 'HPA 一代一出四線-每條', 350.00, NULL, 'PUBLISHED'),
('SHW0202', 'HPA 一代正極線-每條', 250.00, NULL, 'PUBLISHED'),
('SHW0302', 'HPA 一代負極線-每條', 250.00, NULL, 'PUBLISHED'),
('SHW0402', 'HPA 一代針插線-每條', 250.00, NULL, 'PUBLISHED'),
('SHW0502', 'HPA 二代一出四線-每條', 550.00, NULL, 'PUBLISHED'),
('SHW0602', 'HPA 二代正極線-每條', 450.00, NULL, 'PUBLISHED'),
('SHW0702', 'HPA 二代負極線-每條', 450.00, NULL, 'PUBLISHED'),
('SHW0802', 'HPA 二代針插線-每條', 400.00, NULL, 'PUBLISHED'),
('SSO0302', '艾草除濕包-每包', 210.00, NULL, 'PUBLISHED'),
('PSA1004', '抺茶肽-單盒價', 1650.00, NULL, 'PUBLISHED'),
('PSA1005', '抺茶肽-24盒-單盒價', 1550.00, NULL, 'PUBLISHED'),
('PSA2004', '洛神肽-單盒價', 1650.00, NULL, 'PUBLISHED'),
('PSA2005', '洛神肽-24盒-單盒價', 1550.00, NULL, 'PUBLISHED'),
('PSB1004', '複食好食-單盒價', 960.00, NULL, 'PUBLISHED'),
('PSB1005', '複食好食-24盒-單盒價', 900.00, NULL, 'PUBLISHED'),
('PSS0103', '能量霜-單瓶價', 770.00, NULL, 'PUBLISHED'),
('PSS0104', '能量霜-20瓶-單瓶價', 600.00, NULL, 'PUBLISHED'),
('PCP0103', '三合一(7小包)-單袋', 2700.00, NULL, 'PUBLISHED'),
('PCP0203', '三合一(14小包)-單袋', 5400.00, NULL, 'PUBLISHED'),
('PCP0403', '光之旅-單瓶價', 840.00, NULL, 'PUBLISHED'),
('SMA0502', 'MINI HPA能量帶(紫)-每條', 400.00, NULL, 'PUBLISHED'),
('SMA0603', 'MINI 紫色能量片-每組', 550.00, NULL, 'PUBLISHED'),
('SHA0103', '正負同源除濕棒-每支', 2000.00, NULL, 'PUBLISHED'),
('SHA0203', '大金除濕棒-每支', 1900.00, NULL, 'PUBLISHED'),
('SHA0303', '正負同源臉雕塑儀-每支', 1800.00, NULL, 'PUBLISHED'),
('SHA0403', '小V臉雕塑儀-每支', 1700.00, NULL, 'PUBLISHED'),
('SHA0502', '粉紅萬用能量片-每組', 400.00, NULL, 'PUBLISHED'),
('SHA0602', 'HPA能量帶(藍)-每條', 400.00, NULL, 'PUBLISHED'),
('SHA0703', '長型能量片-每組', 650.00, NULL, 'PUBLISHED'),
('SHA0803', 'HPA 平面能量片-每組', 550.00, NULL, 'PUBLISHED'),
('SHA0902', '手雷-每組', 400.00, NULL, 'PUBLISHED'),
('PSA1006', '抺茶肽-24盒-單盒價', 1600.00, NULL, 'PUBLISHED'),
('PSA2006', '洛神肽-24盒-單盒價', 1600.00, NULL, 'PUBLISHED'),
('PSB1006', '複食好食-單盒價', 1050.00, NULL, 'PUBLISHED'),
('PSB1007', '複食好食-24盒-單盒價', 1000.00, NULL, 'PUBLISHED'),
('PSO0107', '花暹子-單盒', 700.00, NULL, 'PUBLISHED'),
('PSO0108', '花暹子-12盒/單盒價', 540.00, NULL, 'PUBLISHED'),
('PSS0105', '能量霜-單瓶價', 800.00, NULL, 'PUBLISHED'),
('PCP0104', '三合一(7小包)-單袋', 2750.00, NULL, 'PUBLISHED'),
('PCP0204', '三合一(14小包)-單袋', 5500.00, NULL, 'PUBLISHED'),
('SMA0103', '乙太修復棒--每組', 4500.00, NULL, 'PUBLISHED'),
('SMA0203', 'VBH筋膜刀-每支', 2700.00, NULL, 'PUBLISHED'),
('SMA0303', '動力鞋-每組', 1500.00, NULL, 'PUBLISHED'),
('SMA0403', '量子握力棒-每組', 540.00, NULL, 'PUBLISHED'),
('SMA0503', 'MINI HPA能量帶(紫)-每條', 450.00, NULL, 'PUBLISHED'),
('SMA0604', 'MINI 紫色能量片-每組', 580.00, NULL, 'PUBLISHED'),
('SHA0104', '正負同源除濕棒-每支', 2250.00, NULL, 'PUBLISHED'),
('SHA0204', '大金除濕棒-每支', 2150.00, NULL, 'PUBLISHED'),
('SHA0304', '正負同源臉雕塑儀-每支', 2100.00, NULL, 'PUBLISHED'),
('SHA0404', '小V臉雕塑儀-每支', 2000.00, NULL, 'PUBLISHED'),
('SHA0503', '粉紅萬用能量片-每組', 450.00, NULL, 'PUBLISHED'),
('SHA0603', 'HPA能量帶(藍)-每條', 450.00, NULL, 'PUBLISHED'),
('SHA0704', '長型能量片-每組', 720.00, NULL, 'PUBLISHED'),
('SHA0804', 'HPA 平面能量片-每組', 580.00, NULL, 'PUBLISHED'),
('SHA0903', '手雷-每組', 450.00, NULL, 'PUBLISHED'),
('PSA1008', '抺茶肽-單盒價', 2050.00, NULL, 'PUBLISHED'),
('PSA1009', '抺茶肽-6盒-單盒價', 1850.00, NULL, 'PUBLISHED'),
('PSA1010', '抺茶肽-24盒-單盒價', 1800.00, NULL, 'PUBLISHED'),
('PSA2008', '洛神肽-單盒價', 1700.00, NULL, 'PUBLISHED'),
('PSA2009', '洛神肽-6盒-單盒價', 1850.00, NULL, 'PUBLISHED'),
('PSA2010', '洛神肽-24盒-單盒價', 1800.00, NULL, 'PUBLISHED'),
('PSB1009', '複食好食-單盒價', 1200.00, NULL, 'PUBLISHED'),
('PSB1010', '複食好食-6盒-單盒價', 1080.00, NULL, 'PUBLISHED'),
('PSO0109', '花暹子-單盒', 800.00, NULL, 'PUBLISHED'),
('PSO0110', '花暹子-三盒-單盒', 720.00, NULL, 'PUBLISHED'),
('PSO0111', '花暹子-六盒-單盒價', 640.00, NULL, 'PUBLISHED'),
('PSS0106', '能量霜-單瓶價', 1000.00, NULL, 'PUBLISHED'),
('PSS0107', '能量霜-6瓶-單瓶價', 900.00, NULL, 'PUBLISHED'),
('PCP0105', '三合一(7小包)-單袋', 2900.00, NULL, 'PUBLISHED'),
('PCP0106', '三合一(7小包)-單袋', 3200.00, NULL, 'PUBLISHED'),
('PCP0205', '三合一(14小包)-單袋', 5800.00, NULL, 'PUBLISHED'),
('PCP0206', '三合一(14小包)-單袋', 6400.00, NULL, 'PUBLISHED'),
('PCP0302', 'FTC-單瓶', 2980.00, NULL, 'PUBLISHED'),
('PCP0303', 'FTC-單瓶', 3330.00, NULL, 'PUBLISHED'),
('PCP0404', '光之旅-單瓶價', 980.00, NULL, 'PUBLISHED'),
('PCP0604', '芝麻醬-3罐', 1200.00, NULL, 'PUBLISHED'),
('SMA0104', '乙太修復棒--每組', 5000.00, NULL, 'PUBLISHED'),
('SMA0204', 'VBH筋膜刀-每支', 3000.00, NULL, 'PUBLISHED'),
('SMA0304', '動力鞋-每組', 1600.00, NULL, 'PUBLISHED'),
('SMA0404', '量子握力棒-每組', 600.00, NULL, 'PUBLISHED'),
('SMA0504', 'MINI HPA能量帶(紫)-每條', 500.00, NULL, 'PUBLISHED'),
('SMA0605', 'MINI 紫色能量片-每組', 650.00, NULL, 'PUBLISHED'),
('SHA0105', '正負同源除濕棒-每支', 2500.00, NULL, 'PUBLISHED'),
('SHA0205', '大金除濕棒-每支', 2400.00, NULL, 'PUBLISHED'),
('SHA0305', '正負同源臉雕塑儀-每支', 2300.00, NULL, 'PUBLISHED'),
('SHA0405', '小V臉雕塑儀-每支', 2200.00, NULL, 'PUBLISHED'),
('SHA0504', '粉紅萬用能量片-每組', 500.00, NULL, 'PUBLISHED'),
('SHA0604', 'HPA能量帶(藍)-每條', 500.00, NULL, 'PUBLISHED'),
('SHA0705', '長型能量片-每組', 800.00, NULL, 'PUBLISHED'),
('SHA0805', 'HPA 平面能量片-每組', 650.00, NULL, 'PUBLISHED'),
('SHA0904', '手雷-每組', 500.00, NULL, 'PUBLISHED');

-- 直營店商品定價
INSERT INTO `product_price_tier` (`product_id`, `identity_type`, `price`)
SELECT p.product_id, '直營店', v.price
FROM (
  SELECT 'PSA1000' AS code, 1100.00 AS price UNION ALL
  SELECT 'PSA2000', 1100.00 UNION ALL
  SELECT 'PSB1000', 520.00 UNION ALL
  SELECT 'PSO0100', 350.00 UNION ALL
  SELECT 'PSS0100', 350.00 UNION ALL
  SELECT 'PCP0100', 2350.00 UNION ALL
  SELECT 'PCP0200', 4700.00 UNION ALL
  SELECT 'PCP0300', 2660.00 UNION ALL
  SELECT 'PCP0400', 620.00 UNION ALL
  SELECT 'PCP0500', 1000.00 UNION ALL
  SELECT 'PCP0600', 800.00 UNION ALL
  SELECT 'PCC0001', 29800.00 UNION ALL
  SELECT 'SMA0100', 3000.00 UNION ALL
  SELECT 'SMA0200', 1600.00 UNION ALL
  SELECT 'SMA0300', 1000.00 UNION ALL
  SELECT 'SMA0400', 300.00 UNION ALL
  SELECT 'SMA0500', 200.00 UNION ALL
  SELECT 'SMA0600', 300.00 UNION ALL
  SELECT 'SMA0700', 90.00 UNION ALL
  SELECT 'SMA0800', 75.00 UNION ALL
  SELECT 'SMA0900', 85.00 UNION ALL
  SELECT 'SMA1000', 550.00 UNION ALL
  SELECT 'SMA1100', 420.00 UNION ALL
  SELECT 'SMA1200', 200.00 UNION ALL
  SELECT 'SMW0100', 420.00 UNION ALL
  SELECT 'SMW0200', 420.00 UNION ALL
  SELECT 'SMW0300', 420.00 UNION ALL
  SELECT 'SMW0400', 420.00 UNION ALL
  SELECT 'SMW0500', 350.00 UNION ALL
  SELECT 'SMW0600', 200.00 UNION ALL
  SELECT 'SHA0100', 1500.00 UNION ALL
  SELECT 'SHA0200', 1400.00 UNION ALL
  SELECT 'SHA0300', 1300.00 UNION ALL
  SELECT 'SHA0400', 1200.00 UNION ALL
  SELECT 'SHA0500', 160.00 UNION ALL
  SELECT 'SHA0600', 200.00 UNION ALL
  SELECT 'SHA0700', 450.00 UNION ALL
  SELECT 'SHA0800', 300.00 UNION ALL
  SELECT 'SHA0900', 150.00 UNION ALL
  SELECT 'SHA1000', 90.00 UNION ALL
  SELECT 'SHA1100', 75.00 UNION ALL
  SELECT 'SHA1200', 100.00 UNION ALL
  SELECT 'SHA1400', 50.00 UNION ALL
  SELECT 'SHA1500', 70.00 UNION ALL
  SELECT 'SHA1600', 399.00 UNION ALL
  SELECT 'SHA1700', 350.00 UNION ALL
  SELECT 'SHW0100', 310.00 UNION ALL
  SELECT 'SHW0200', 220.00 UNION ALL
  SELECT 'SHW0300', 220.00 UNION ALL
  SELECT 'SHW0400', 220.00 UNION ALL
  SELECT 'SHW0500', 515.00 UNION ALL
  SELECT 'SHW0600', 420.00 UNION ALL
  SELECT 'SHW0700', 420.00 UNION ALL
  SELECT 'SHW0800', 350.00 UNION ALL
  SELECT 'SPO0100', 100.00 UNION ALL
  SELECT 'SPO0200', 35.00 UNION ALL
  SELECT 'SPO0300', 200.00 UNION ALL
  SELECT 'SPO0400', 420.00 UNION ALL
  SELECT 'SPO0500', 330.00 UNION ALL
  SELECT 'SPO0600', 300.00 UNION ALL
  SELECT 'SPO0700', 400.00 UNION ALL
  SELECT 'SPO0800', 400.00 UNION ALL
  SELECT 'SSO0100', 750.00 UNION ALL
  SELECT 'SSO0200', 90.00 UNION ALL
  SELECT 'SSO0300', 130.00 UNION ALL
  SELECT 'SSO0400', 400.00 UNION ALL
  SELECT 'SSO0500', 550.00 UNION ALL
  SELECT 'SSO0600', 900.00 UNION ALL
  SELECT 'SSO0700', 435.00 UNION ALL
  SELECT 'SSO0800', 300.00 UNION ALL
  SELECT 'SCP0101', 0.00 UNION ALL
  SELECT 'SCP0102', 4600.00 UNION ALL
  SELECT 'SCP0103', 1000.00 UNION ALL
  SELECT 'SCP0201', 0.00 UNION ALL
  SELECT 'SCP0202', 4600.00 UNION ALL
  SELECT 'SCP0203', 1000.00 UNION ALL
  SELECT 'SCP0301', 0.00 UNION ALL
  SELECT 'SCP0302', 4600.00 UNION ALL
  SELECT 'SCP0303', 1000.00 UNION ALL
  SELECT 'SCP0401', 0.00 UNION ALL
  SELECT 'SCP0402', 4600.00 UNION ALL
  SELECT 'SCP0403', 1000.00
) AS v
JOIN `product` p ON p.code = v.code;

-- 加盟店商品定價
INSERT INTO `product_price_tier` (`product_id`, `identity_type`, `price`)
SELECT p.product_id, '加盟店', v.price
FROM (
  SELECT 'PSA1003' AS code, 1300.00 AS price UNION ALL
  SELECT 'PSA2001', 1300.00 UNION ALL
  SELECT 'PSB1001', 660.00 UNION ALL
  SELECT 'PSO0101', 500.00 UNION ALL
  SELECT 'PSO0102', 470.00 UNION ALL
  SELECT 'PSO0103', 440.00 UNION ALL
  SELECT 'PSS0101', 450.00 UNION ALL
  SELECT 'PCP0101', 2450.00 UNION ALL
  SELECT 'PCP0201', 4900.00 UNION ALL
  SELECT 'PCP0301', 2830.00 UNION ALL
  SELECT 'PCP0401', 800.00 UNION ALL
  SELECT 'PCP0402', 720.00 UNION ALL
  SELECT 'PCP0501', 1050.00 UNION ALL
  SELECT 'PCP0601', 900.00 UNION ALL
  SELECT 'PCC0001', 29800.00 UNION ALL
  SELECT 'SMA0101', 3200.00 UNION ALL
  SELECT 'SMA0201', 2000.00 UNION ALL
  SELECT 'SMA0301', 1200.00 UNION ALL
  SELECT 'SMA0401', 400.00 UNION ALL
  SELECT 'SMA0501', 300.00 UNION ALL
  SELECT 'SMA0601', 400.00 UNION ALL
  SELECT 'SMA0701', 120.00 UNION ALL
  SELECT 'SMA0801', 100.00 UNION ALL
  SELECT 'SMA0901', 120.00 UNION ALL
  SELECT 'SMA1001', 620.00 UNION ALL
  SELECT 'SMA1101', 450.00 UNION ALL
  SELECT 'SMA1201', 250.00 UNION ALL
  SELECT 'SMW0101', 430.00 UNION ALL
  SELECT 'SMW0201', 430.00 UNION ALL
  SELECT 'SMW0301', 430.00 UNION ALL
  SELECT 'SMW0401', 430.00 UNION ALL
  SELECT 'SMW0501', 380.00 UNION ALL
  SELECT 'SMW0601', 250.00 UNION ALL
  SELECT 'SHA0101', 1600.00 UNION ALL
  SELECT 'SHA0201', 1500.00 UNION ALL
  SELECT 'SHA0301', 1400.00 UNION ALL
  SELECT 'SHA0401', 1300.00 UNION ALL
  SELECT 'SHA0501', 300.00 UNION ALL
  SELECT 'SHA0601', 300.00 UNION ALL
  SELECT 'SHA0701', 500.00 UNION ALL
  SELECT 'SHA0801', 400.00 UNION ALL
  SELECT 'SHA0901', 300.00 UNION ALL
  SELECT 'SHA1001', 120.00 UNION ALL
  SELECT 'SHA1101', 100.00 UNION ALL
  SELECT 'SHA1200', 100.00 UNION ALL
  SELECT 'SHA1401', 60.00 UNION ALL
  SELECT 'SHA1501', 90.00 UNION ALL
  SELECT 'SHA1600', 399.00 UNION ALL
  SELECT 'SHA1700', 350.00 UNION ALL
  SELECT 'SHW0101', 320.00 UNION ALL
  SELECT 'SHW0201', 230.00 UNION ALL
  SELECT 'SHW0301', 230.00 UNION ALL
  SELECT 'SHW0401', 230.00 UNION ALL
  SELECT 'SHW0501', 515.00 UNION ALL
  SELECT 'SHW0601', 430.00 UNION ALL
  SELECT 'SHW0701', 430.00 UNION ALL
  SELECT 'SHW0801', 380.00 UNION ALL
  SELECT 'SPO0101', 120.00 UNION ALL
  SELECT 'SPO0201', 40.00 UNION ALL
  SELECT 'SPO0301', 220.00 UNION ALL
  SELECT 'SPO0401', 500.00 UNION ALL
  SELECT 'SPO0501', 380.00 UNION ALL
  SELECT 'SPO0601', 350.00 UNION ALL
  SELECT 'SPO0701', 420.00 UNION ALL
  SELECT 'SPO0801', 480.00 UNION ALL
  SELECT 'SSO0101', 1000.00 UNION ALL
  SELECT 'SSO0201', 100.00 UNION ALL
  SELECT 'SSO0301', 150.00 UNION ALL
  SELECT 'SSO0401', 480.00 UNION ALL
  SELECT 'SSO0500', 550.00 UNION ALL
  SELECT 'SSO0600', 900.00 UNION ALL
  SELECT 'SSO0700', 435.00 UNION ALL
  SELECT 'SSO0800', 300.00 UNION ALL
  SELECT 'SCP0101', 0.00 UNION ALL
  SELECT 'SCP0102', 4600.00 UNION ALL
  SELECT 'SCP0103', 1000.00 UNION ALL
  SELECT 'SCP0201', 0.00 UNION ALL
  SELECT 'SCP0202', 4600.00 UNION ALL
  SELECT 'SCP0203', 1000.00 UNION ALL
  SELECT 'SCP0301', 0.00 UNION ALL
  SELECT 'SCP0302', 4600.00 UNION ALL
  SELECT 'SCP0303', 1000.00 UNION ALL
  SELECT 'SCP0401', 0.00 UNION ALL
  SELECT 'SCP0402', 4600.00 UNION ALL
  SELECT 'SCP0403', 1000.00
) AS v
JOIN `product` p ON p.code = v.code;

-- 合夥商商品定價
INSERT INTO `product_price_tier` (`product_id`, `identity_type`, `price`)
SELECT p.product_id, '合夥商', v.price
FROM (
  SELECT 'PSA1002' AS code, 1400.00 AS price UNION ALL
  SELECT 'PSA1003', 1350.00 UNION ALL
  SELECT 'PSA2002', 1400.00 UNION ALL
  SELECT 'PSA2003', 1350.00 UNION ALL
  SELECT 'PSB1002', 840.00 UNION ALL
  SELECT 'PSB1003', 750.00 UNION ALL
  SELECT 'PSO0104', 540.00 UNION ALL
  SELECT 'PSO0105', 515.00 UNION ALL
  SELECT 'PSO0106', 460.00 UNION ALL
  SELECT 'PSS0101', 450.00 UNION ALL
  SELECT 'PSS0102', 600.00 UNION ALL
  SELECT 'PCP0102', 2500.00 UNION ALL
  SELECT 'PCP0202', 5000.00 UNION ALL
  SELECT 'PCP0301', 2830.00 UNION ALL
  SELECT 'PCP0401', 800.00 UNION ALL
  SELECT 'PCP0402', 720.00 UNION ALL
  SELECT 'PCP0502', 1100.00 UNION ALL
  SELECT 'PCP0602', 1000.00 UNION ALL
  SELECT 'PCP0603', 450.00 UNION ALL
  SELECT 'PCC0001', 29800.00 UNION ALL
  SELECT 'SMA0102', 4000.00 UNION ALL
  SELECT 'SMA0202', 2400.00 UNION ALL
  SELECT 'SMA0302', 1300.00 UNION ALL
  SELECT 'SMA0402', 480.00 UNION ALL
  SELECT 'SMA0501', 300.00 UNION ALL
  SELECT 'SMA0602', 450.00 UNION ALL
  SELECT 'SMA0702', 200.00 UNION ALL
  SELECT 'SMA0802', 150.00 UNION ALL
  SELECT 'SMA0902', 170.00 UNION ALL
  SELECT 'SMA1002', 680.00 UNION ALL
  SELECT 'SMA1102', 500.00 UNION ALL
  SELECT 'SMA1202', 300.00 UNION ALL
  SELECT 'SMW0102', 450.00 UNION ALL
  SELECT 'SMW0202', 450.00 UNION ALL
  SELECT 'SMW0302', 450.00 UNION ALL
  SELECT 'SMW0402', 450.00 UNION ALL
  SELECT 'SMW0502', 400.00 UNION ALL
  SELECT 'SMW0602', 300.00 UNION ALL
  SELECT 'SHA0102', 1800.00 UNION ALL
  SELECT 'SHA0202', 1700.00 UNION ALL
  SELECT 'SHA0302', 1600.00 UNION ALL
  SELECT 'SHA0402', 1500.00 UNION ALL
  SELECT 'SHA0501', 300.00 UNION ALL
  SELECT 'SHA0601', 300.00 UNION ALL
  SELECT 'SHA0702', 550.00 UNION ALL
  SELECT 'SHA0802', 450.00 UNION ALL
  SELECT 'SHA0901', 300.00 UNION ALL
  SELECT 'SHA1002', 200.00 UNION ALL
  SELECT 'SHA1102', 150.00 UNION ALL
  SELECT 'SHA1201', 150.00 UNION ALL
  SELECT 'SHA1402', 80.00 UNION ALL
  SELECT 'SHA1502', 120.00 UNION ALL
  SELECT 'SHA1600', 399.00 UNION ALL
  SELECT 'SHA1701', 400.00 UNION ALL
  SELECT 'SHW0102', 350.00 UNION ALL
  SELECT 'SHW0202', 250.00 UNION ALL
  SELECT 'SHW0302', 250.00 UNION ALL
  SELECT 'SHW0402', 250.00 UNION ALL
  SELECT 'SHW0502', 550.00 UNION ALL
  SELECT 'SHW0602', 450.00 UNION ALL
  SELECT 'SHW0702', 450.00 UNION ALL
  SELECT 'SHW0802', 400.00 UNION ALL
  SELECT 'SPO0101', 120.00 UNION ALL
  SELECT 'SPO0201', 40.00 UNION ALL
  SELECT 'SPO0301', 220.00 UNION ALL
  SELECT 'SPO0401', 500.00 UNION ALL
  SELECT 'SPO0501', 380.00 UNION ALL
  SELECT 'SPO0601', 350.00 UNION ALL
  SELECT 'SPO0701', 420.00 UNION ALL
  SELECT 'SPO0801', 480.00 UNION ALL
  SELECT 'SSO0101', 1000.00 UNION ALL
  SELECT 'SSO0201', 100.00 UNION ALL
  SELECT 'SSO0302', 210.00 UNION ALL
  SELECT 'SSO0401', 480.00 UNION ALL
  SELECT 'SSO0500', 550.00 UNION ALL
  SELECT 'SSO0600', 900.00 UNION ALL
  SELECT 'SSO0700', 435.00 UNION ALL
  SELECT 'SSO0800', 300.00 UNION ALL
  SELECT 'SCP0101', 0.00 UNION ALL
  SELECT 'SCP0102', 4600.00 UNION ALL
  SELECT 'SCP0103', 1000.00 UNION ALL
  SELECT 'SCP0201', 0.00 UNION ALL
  SELECT 'SCP0202', 4600.00 UNION ALL
  SELECT 'SCP0203', 1000.00 UNION ALL
  SELECT 'SCP0301', 0.00 UNION ALL
  SELECT 'SCP0302', 4600.00 UNION ALL
  SELECT 'SCP0303', 1000.00 UNION ALL
  SELECT 'SCP0401', 0.00 UNION ALL
  SELECT 'SCP0402', 4600.00 UNION ALL
  SELECT 'SCP0403', 1000.00
) AS v
JOIN `product` p ON p.code = v.code;

-- 推廣商商品定價
INSERT INTO `product_price_tier` (`product_id`, `identity_type`, `price`)
SELECT p.product_id, '推廣商', v.price
FROM (
  SELECT 'PSA1004' AS code, 1650.00 AS price UNION ALL
  SELECT 'PSA1005', 1550.00 UNION ALL
  SELECT 'PSA2004', 1650.00 UNION ALL
  SELECT 'PSA2005', 1550.00 UNION ALL
  SELECT 'PSB1004', 960.00 UNION ALL
  SELECT 'PSB1005', 900.00 UNION ALL
  SELECT 'PSO0104', 540.00 UNION ALL
  SELECT 'PSO0105', 515.00 UNION ALL
  SELECT 'PSO0106', 460.00 UNION ALL
  SELECT 'PSS0103', 770.00 UNION ALL
  SELECT 'PSS0104', 600.00 UNION ALL
  SELECT 'PCP0103', 2700.00 UNION ALL
  SELECT 'PCP0203', 5400.00 UNION ALL
  SELECT 'PCP0301', 2830.00 UNION ALL
  SELECT 'PCP0403', 840.00 UNION ALL
  SELECT 'PCP0502', 1100.00 UNION ALL
  SELECT 'PCP0602', 1000.00 UNION ALL
  SELECT 'PCP0603', 450.00 UNION ALL
  SELECT 'PCC0001', 29800.00 UNION ALL
  SELECT 'SMA0102', 4000.00 UNION ALL
  SELECT 'SMA0202', 2400.00 UNION ALL
  SELECT 'SMA0302', 1300.00 UNION ALL
  SELECT 'SMA0402', 480.00 UNION ALL
  SELECT 'SMA0502', 400.00 UNION ALL
  SELECT 'SMA0603', 550.00 UNION ALL
  SELECT 'SMA0702', 200.00 UNION ALL
  SELECT 'SMA0802', 150.00 UNION ALL
  SELECT 'SMA0902', 170.00 UNION ALL
  SELECT 'SMA1002', 680.00 UNION ALL
  SELECT 'SMA1102', 500.00 UNION ALL
  SELECT 'SMA1202', 300.00 UNION ALL
  SELECT 'SMW0102', 450.00 UNION ALL
  SELECT 'SMW0202', 450.00 UNION ALL
  SELECT 'SMW0302', 450.00 UNION ALL
  SELECT 'SMW0402', 450.00 UNION ALL
  SELECT 'SMW0502', 400.00 UNION ALL
  SELECT 'SMW0602', 300.00 UNION ALL
  SELECT 'SHA0103', 2000.00 UNION ALL
  SELECT 'SHA0203', 1900.00 UNION ALL
  SELECT 'SHA0303', 1800.00 UNION ALL
  SELECT 'SHA0403', 1700.00 UNION ALL
  SELECT 'SHA0502', 400.00 UNION ALL
  SELECT 'SHA0602', 400.00 UNION ALL
  SELECT 'SHA0703', 650.00 UNION ALL
  SELECT 'SHA0803', 550.00 UNION ALL
  SELECT 'SHA0902', 400.00 UNION ALL
  SELECT 'SHA1002', 200.00 UNION ALL
  SELECT 'SHA1102', 150.00 UNION ALL
  SELECT 'SHA1201', 150.00 UNION ALL
  SELECT 'SHA1402', 80.00 UNION ALL
  SELECT 'SHA1502', 120.00 UNION ALL
  SELECT 'SHA1600', 499.00 UNION ALL
  SELECT 'SHA1701', 450.00 UNION ALL
  SELECT 'SHW0102', 350.00 UNION ALL
  SELECT 'SHW0202', 250.00 UNION ALL
  SELECT 'SHW0302', 250.00 UNION ALL
  SELECT 'SHW0402', 250.00 UNION ALL
  SELECT 'SHW0502', 550.00 UNION ALL
  SELECT 'SHW0602', 450.00 UNION ALL
  SELECT 'SHW0702', 450.00 UNION ALL
  SELECT 'SHW0802', 400.00 UNION ALL
  SELECT 'SPO0101', 120.00 UNION ALL
  SELECT 'SPO0201', 40.00 UNION ALL
  SELECT 'SPO0301', 220.00 UNION ALL
  SELECT 'SPO0401', 500.00 UNION ALL
  SELECT 'SPO0501', 380.00 UNION ALL
  SELECT 'SPO0601', 350.00 UNION ALL
  SELECT 'SPO0701', 420.00 UNION ALL
  SELECT 'SPO0801', 480.00 UNION ALL
  SELECT 'SSO0101', 1000.00 UNION ALL
  SELECT 'SSO0201', 100.00 UNION ALL
  SELECT 'SSO0302', 210.00 UNION ALL
  SELECT 'SSO0401', 480.00 UNION ALL
  SELECT 'SSO0500', 550.00 UNION ALL
  SELECT 'SSO0600', 900.00 UNION ALL
  SELECT 'SSO0700', 435.00 UNION ALL
  SELECT 'SSO0800', 300.00 UNION ALL
  SELECT 'SCP0101', 0.00 UNION ALL
  SELECT 'SCP0102', 4600.00 UNION ALL
  SELECT 'SCP0103', 1000.00 UNION ALL
  SELECT 'SCP0201', 0.00 UNION ALL
  SELECT 'SCP0202', 4600.00 UNION ALL
  SELECT 'SCP0203', 1000.00 UNION ALL
  SELECT 'SCP0301', 0.00 UNION ALL
  SELECT 'SCP0302', 4600.00 UNION ALL
  SELECT 'SCP0303', 1000.00 UNION ALL
  SELECT 'SCP0401', 0.00 UNION ALL
  SELECT 'SCP0402', 4600.00 UNION ALL
  SELECT 'SCP0403', 1000.00
) AS v
JOIN `product` p ON p.code = v.code;

-- B2B合作專案商品定價
INSERT INTO `product_price_tier` (`product_id`, `identity_type`, `price`)
SELECT p.product_id, 'B2B合作專案', v.price
FROM (
  SELECT 'PSA1004' AS code, 1650.00 AS price UNION ALL
  SELECT 'PSA1006', 1600.00 UNION ALL
  SELECT 'PSA2004', 1650.00 UNION ALL
  SELECT 'PSA2006', 1600.00 UNION ALL
  SELECT 'PSB1006', 1050.00 UNION ALL
  SELECT 'PSB1007', 1000.00 UNION ALL
  SELECT 'PSO0107', 700.00 UNION ALL
  SELECT 'PSO0108', 540.00 UNION ALL
  SELECT 'PSS0105', 800.00 UNION ALL
  SELECT 'PCP0104', 2750.00 UNION ALL
  SELECT 'PCP0204', 5500.00 UNION ALL
  SELECT 'PCP0301', 2830.00 UNION ALL
  SELECT 'PCP0403', 840.00 UNION ALL
  SELECT 'PCP0502', 1100.00 UNION ALL
  SELECT 'PCP0602', 1000.00 UNION ALL
  SELECT 'PCP0603', 450.00 UNION ALL
  SELECT 'PCC0001', 29800.00 UNION ALL
  SELECT 'SMA0103', 4500.00 UNION ALL
  SELECT 'SMA0203', 2700.00 UNION ALL
  SELECT 'SMA0303', 1500.00 UNION ALL
  SELECT 'SMA0403', 540.00 UNION ALL
  SELECT 'SMA0503', 450.00 UNION ALL
  SELECT 'SMA0604', 580.00 UNION ALL
  SELECT 'SMA0702', 200.00 UNION ALL
  SELECT 'SMA0802', 150.00 UNION ALL
  SELECT 'SMA0902', 170.00 UNION ALL
  SELECT 'SMA1002', 680.00 UNION ALL
  SELECT 'SMA1102', 500.00 UNION ALL
  SELECT 'SMA1202', 300.00 UNION ALL
  SELECT 'SMW0102', 450.00 UNION ALL
  SELECT 'SMW0202', 450.00 UNION ALL
  SELECT 'SMW0302', 450.00 UNION ALL
  SELECT 'SMW0402', 450.00 UNION ALL
  SELECT 'SMW0502', 400.00 UNION ALL
  SELECT 'SMW0602', 300.00 UNION ALL
  SELECT 'SHA0104', 2250.00 UNION ALL
  SELECT 'SHA0204', 2150.00 UNION ALL
  SELECT 'SHA0304', 2100.00 UNION ALL
  SELECT 'SHA0404', 2000.00 UNION ALL
  SELECT 'SHA0503', 450.00 UNION ALL
  SELECT 'SHA0603', 450.00 UNION ALL
  SELECT 'SHA0704', 720.00 UNION ALL
  SELECT 'SHA0804', 580.00 UNION ALL
  SELECT 'SHA0903', 450.00 UNION ALL
  SELECT 'SHA1002', 200.00 UNION ALL
  SELECT 'SHA1102', 150.00 UNION ALL
  SELECT 'SHA1201', 150.00 UNION ALL
  SELECT 'SHA1402', 80.00 UNION ALL
  SELECT 'SHA1502', 120.00 UNION ALL
  SELECT 'SHA1600', 499.00 UNION ALL
  SELECT 'SHA1701', 450.00 UNION ALL
  SELECT 'SHW0102', 350.00 UNION ALL
  SELECT 'SHW0202', 250.00 UNION ALL
  SELECT 'SHW0302', 250.00 UNION ALL
  SELECT 'SHW0402', 250.00 UNION ALL
  SELECT 'SHW0502', 550.00 UNION ALL
  SELECT 'SHW0602', 450.00 UNION ALL
  SELECT 'SHW0702', 450.00 UNION ALL
  SELECT 'SHW0802', 400.00 UNION ALL
  SELECT 'SPO0101', 120.00 UNION ALL
  SELECT 'SPO0201', 40.00 UNION ALL
  SELECT 'SPO0301', 220.00 UNION ALL
  SELECT 'SPO0401', 500.00 UNION ALL
  SELECT 'SPO0501', 380.00 UNION ALL
  SELECT 'SPO0601', 350.00 UNION ALL
  SELECT 'SPO0701', 420.00 UNION ALL
  SELECT 'SPO0801', 480.00 UNION ALL
  SELECT 'SSO0101', 1000.00 UNION ALL
  SELECT 'SSO0201', 100.00 UNION ALL
  SELECT 'SSO0302', 210.00 UNION ALL
  SELECT 'SSO0401', 480.00 UNION ALL
  SELECT 'SSO0500', 550.00 UNION ALL
  SELECT 'SSO0600', 900.00 UNION ALL
  SELECT 'SSO0700', 435.00 UNION ALL
  SELECT 'SSO0800', 300.00 UNION ALL
  SELECT 'SCP0101', 0.00 UNION ALL
  SELECT 'SCP0102', 4600.00 UNION ALL
  SELECT 'SCP0103', 1000.00 UNION ALL
  SELECT 'SCP0201', 0.00 UNION ALL
  SELECT 'SCP0202', 4600.00 UNION ALL
  SELECT 'SCP0203', 1000.00 UNION ALL
  SELECT 'SCP0301', 0.00 UNION ALL
  SELECT 'SCP0302', 4600.00 UNION ALL
  SELECT 'SCP0303', 1000.00 UNION ALL
  SELECT 'SCP0401', 0.00 UNION ALL
  SELECT 'SCP0402', 4600.00 UNION ALL
  SELECT 'SCP0403', 1000.00
) AS v
JOIN `product` p ON p.code = v.code;

-- 心耀商商品定價
INSERT INTO `product_price_tier` (`product_id`, `identity_type`, `price`)
SELECT p.product_id, '心耀商', v.price
FROM (
  SELECT 'PSA1007' AS code, 1700.00 AS price UNION ALL
  SELECT 'PSA2007', 1700.00 UNION ALL
  SELECT 'PSB1008', 1000.00 UNION ALL
  SELECT 'PSO0107', 700.00 UNION ALL
  SELECT 'PSO0108', 540.00 UNION ALL
  SELECT 'PSS0105', 800.00 UNION ALL
  SELECT 'PCP0104', 2750.00 UNION ALL
  SELECT 'PCP0204', 5500.00 UNION ALL
  SELECT 'PCP0301', 2830.00 UNION ALL
  SELECT 'PCP0403', 840.00 UNION ALL
  SELECT 'PCP0502', 1100.00 UNION ALL
  SELECT 'PCP0602', 1000.00 UNION ALL
  SELECT 'PCP0603', 450.00 UNION ALL
  SELECT 'PCC0001', 29800.00 UNION ALL
  SELECT 'SMA0103', 4500.00 UNION ALL
  SELECT 'SMA0203', 2700.00 UNION ALL
  SELECT 'SMA0303', 1500.00 UNION ALL
  SELECT 'SMA0403', 540.00 UNION ALL
  SELECT 'SMA0503', 450.00 UNION ALL
  SELECT 'SMA0604', 580.00 UNION ALL
  SELECT 'SMA0702', 200.00 UNION ALL
  SELECT 'SMA0802', 150.00 UNION ALL
  SELECT 'SMA0902', 170.00 UNION ALL
  SELECT 'SMA1002', 680.00 UNION ALL
  SELECT 'SMA1102', 500.00 UNION ALL
  SELECT 'SMA1202', 300.00 UNION ALL
  SELECT 'SMW0102', 450.00 UNION ALL
  SELECT 'SMW0202', 450.00 UNION ALL
  SELECT 'SMW0302', 450.00 UNION ALL
  SELECT 'SMW0402', 450.00 UNION ALL
  SELECT 'SMW0502', 400.00 UNION ALL
  SELECT 'SMW0602', 300.00 UNION ALL
  SELECT 'SHA0104', 2250.00 UNION ALL
  SELECT 'SHA0204', 2150.00 UNION ALL
  SELECT 'SHA0304', 2100.00 UNION ALL
  SELECT 'SHA0404', 2000.00 UNION ALL
  SELECT 'SHA0503', 450.00 UNION ALL
  SELECT 'SHA0603', 450.00 UNION ALL
  SELECT 'SHA0704', 720.00 UNION ALL
  SELECT 'SHA0804', 580.00 UNION ALL
  SELECT 'SHA0903', 450.00 UNION ALL
  SELECT 'SHA1002', 200.00 UNION ALL
  SELECT 'SHA1102', 150.00 UNION ALL
  SELECT 'SHA1201', 150.00 UNION ALL
  SELECT 'SHA1402', 80.00 UNION ALL
  SELECT 'SHA1502', 120.00 UNION ALL
  SELECT 'SHA1600', 499.00 UNION ALL
  SELECT 'SHA1701', 450.00 UNION ALL
  SELECT 'SHW0102', 350.00 UNION ALL
  SELECT 'SHW0202', 250.00 UNION ALL
  SELECT 'SHW0302', 250.00 UNION ALL
  SELECT 'SHW0402', 250.00 UNION ALL
  SELECT 'SHW0502', 550.00 UNION ALL
  SELECT 'SHW0602', 450.00 UNION ALL
  SELECT 'SHW0702', 450.00 UNION ALL
  SELECT 'SHW0802', 400.00 UNION ALL
  SELECT 'SPO0101', 120.00 UNION ALL
  SELECT 'SPO0201', 40.00 UNION ALL
  SELECT 'SPO0301', 220.00 UNION ALL
  SELECT 'SPO0401', 500.00 UNION ALL
  SELECT 'SPO0501', 380.00 UNION ALL
  SELECT 'SPO0601', 350.00 UNION ALL
  SELECT 'SPO0701', 420.00 UNION ALL
  SELECT 'SPO0801', 480.00 UNION ALL
  SELECT 'SSO0101', 1000.00 UNION ALL
  SELECT 'SSO0201', 100.00 UNION ALL
  SELECT 'SSO0302', 210.00 UNION ALL
  SELECT 'SSO0401', 480.00 UNION ALL
  SELECT 'SSO0500', 550.00 UNION ALL
  SELECT 'SSO0600', 900.00 UNION ALL
  SELECT 'SSO0700', 435.00 UNION ALL
  SELECT 'SSO0800', 300.00 UNION ALL
  SELECT 'SCP0101', 0.00 UNION ALL
  SELECT 'SCP0102', 4600.00 UNION ALL
  SELECT 'SCP0103', 1000.00 UNION ALL
  SELECT 'SCP0201', 0.00 UNION ALL
  SELECT 'SCP0202', 4600.00 UNION ALL
  SELECT 'SCP0203', 1000.00 UNION ALL
  SELECT 'SCP0301', 0.00 UNION ALL
  SELECT 'SCP0302', 4600.00 UNION ALL
  SELECT 'SCP0303', 1000.00 UNION ALL
  SELECT 'SCP0401', 0.00 UNION ALL
  SELECT 'SCP0402', 4600.00 UNION ALL
  SELECT 'SCP0403', 1000.00
) AS v
JOIN `product` p ON p.code = v.code;

-- 會員商品定價
INSERT INTO `product_price_tier` (`product_id`, `identity_type`, `price`)
SELECT p.product_id, '會員', v.price
FROM (
  SELECT 'PSA1008' AS code, 2050.00 AS price UNION ALL
  SELECT 'PSA1009', 1850.00 UNION ALL
  SELECT 'PSA1010', 1800.00 UNION ALL
  SELECT 'PSA2008', 1700.00 UNION ALL
  SELECT 'PSA2009', 1850.00 UNION ALL
  SELECT 'PSA2010', 1800.00 UNION ALL
  SELECT 'PSB1009', 1200.00 UNION ALL
  SELECT 'PSB1010', 1080.00 UNION ALL
  SELECT 'PSO0109', 800.00 UNION ALL
  SELECT 'PSO0110', 720.00 UNION ALL
  SELECT 'PSO0111', 640.00 UNION ALL
  SELECT 'PSS0106', 1000.00 UNION ALL
  SELECT 'PSS0107', 900.00 UNION ALL
  SELECT 'PCP0105', 2900.00 UNION ALL
  SELECT 'PCP0205', 5800.00 UNION ALL
  SELECT 'PCP0302', 2980.00 UNION ALL
  SELECT 'PCP0404', 980.00 UNION ALL
  SELECT 'PCP0502', 1100.00 UNION ALL
  SELECT 'PCP0604', 1200.00 UNION ALL
  SELECT 'PCP0603', 450.00 UNION ALL
  SELECT 'PCC0001', 29800.00 UNION ALL
  SELECT 'SMA0104', 5000.00 UNION ALL
  SELECT 'SMA0204', 3000.00 UNION ALL
  SELECT 'SMA0304', 1600.00 UNION ALL
  SELECT 'SMA0404', 600.00 UNION ALL
  SELECT 'SMA0504', 500.00 UNION ALL
  SELECT 'SMA0605', 650.00 UNION ALL
  SELECT 'SMA0702', 200.00 UNION ALL
  SELECT 'SMA0802', 150.00 UNION ALL
  SELECT 'SMA0902', 170.00 UNION ALL
  SELECT 'SMA1002', 680.00 UNION ALL
  SELECT 'SMA1102', 500.00 UNION ALL
  SELECT 'SMA1202', 400.00 UNION ALL
  SELECT 'SMW0102', 450.00 UNION ALL
  SELECT 'SMW0202', 450.00 UNION ALL
  SELECT 'SMW0302', 450.00 UNION ALL
  SELECT 'SMW0402', 450.00 UNION ALL
  SELECT 'SMW0502', 400.00 UNION ALL
  SELECT 'SMW0602', 300.00 UNION ALL
  SELECT 'SHA0105', 2500.00 UNION ALL
  SELECT 'SHA0205', 2400.00 UNION ALL
  SELECT 'SHA0305', 2300.00 UNION ALL
  SELECT 'SHA0405', 2200.00 UNION ALL
  SELECT 'SHA0504', 500.00 UNION ALL
  SELECT 'SHA0604', 500.00 UNION ALL
  SELECT 'SHA0705', 800.00 UNION ALL
  SELECT 'SHA0805', 650.00 UNION ALL
  SELECT 'SHA0904', 500.00 UNION ALL
  SELECT 'SHA1002', 200.00 UNION ALL
  SELECT 'SHA1102', 150.00 UNION ALL
  SELECT 'SHA1201', 150.00 UNION ALL
  SELECT 'SHA1402', 80.00 UNION ALL
  SELECT 'SHA1502', 120.00 UNION ALL
  SELECT 'SHA1600', 599.00 UNION ALL
  SELECT 'SHA1701', 500.00 UNION ALL
  SELECT 'SHW0102', 350.00 UNION ALL
  SELECT 'SHW0202', 250.00 UNION ALL
  SELECT 'SHW0302', 250.00 UNION ALL
  SELECT 'SHW0402', 250.00 UNION ALL
  SELECT 'SHW0502', 550.00 UNION ALL
  SELECT 'SHW0602', 450.00 UNION ALL
  SELECT 'SHW0702', 450.00 UNION ALL
  SELECT 'SHW0802', 400.00 UNION ALL
  SELECT 'SPO0101', 120.00 UNION ALL
  SELECT 'SPO0201', 40.00 UNION ALL
  SELECT 'SPO0301', 220.00 UNION ALL
  SELECT 'SPO0401', 500.00 UNION ALL
  SELECT 'SPO0501', 380.00 UNION ALL
  SELECT 'SPO0601', 350.00 UNION ALL
  SELECT 'SPO0701', 420.00 UNION ALL
  SELECT 'SPO0801', 480.00 UNION ALL
  SELECT 'SSO0101', 1000.00 UNION ALL
  SELECT 'SSO0201', 100.00 UNION ALL
  SELECT 'SSO0302', 210.00 UNION ALL
  SELECT 'SSO0401', 480.00 UNION ALL
  SELECT 'SSO0500', 550.00 UNION ALL
  SELECT 'SSO0600', 900.00 UNION ALL
  SELECT 'SSO0700', 435.00 UNION ALL
  SELECT 'SSO0800', 300.00 UNION ALL
  SELECT 'SCP0101', 0.00 UNION ALL
  SELECT 'SCP0102', 4600.00 UNION ALL
  SELECT 'SCP0103', 1000.00 UNION ALL
  SELECT 'SCP0201', 0.00 UNION ALL
  SELECT 'SCP0202', 4600.00 UNION ALL
  SELECT 'SCP0203', 1000.00 UNION ALL
  SELECT 'SCP0301', 0.00 UNION ALL
  SELECT 'SCP0302', 4600.00 UNION ALL
  SELECT 'SCP0303', 1000.00 UNION ALL
  SELECT 'SCP0401', 0.00 UNION ALL
  SELECT 'SCP0402', 4600.00 UNION ALL
  SELECT 'SCP0403', 1000.00
) AS v
JOIN `product` p ON p.code = v.code;

-- 一般售價商品定價
INSERT INTO `product_price_tier` (`product_id`, `identity_type`, `price`)
SELECT p.product_id, '一般售價', v.price
FROM (
  SELECT 'PSA1008' AS code, 2050.00 AS price UNION ALL
  SELECT 'PSA2008', 1700.00 UNION ALL
  SELECT 'PSB1009', 1200.00 UNION ALL
  SELECT 'PSO0109', 800.00 UNION ALL
  SELECT 'PSO0110', 720.00 UNION ALL
  SELECT 'PSO0111', 640.00 UNION ALL
  SELECT 'PSS0106', 1000.00 UNION ALL
  SELECT 'PCP0106', 3200.00 UNION ALL
  SELECT 'PCP0206', 6400.00 UNION ALL
  SELECT 'PCP0303', 3330.00 UNION ALL
  SELECT 'PCP0404', 980.00 UNION ALL
  SELECT 'PCP0503', 390.00 UNION ALL
  SELECT 'PCP0603', 450.00 UNION ALL
  SELECT 'PCC0001', 29800.00 UNION ALL
  SELECT 'SMA0104', 5000.00 UNION ALL
  SELECT 'SMA0204', 3000.00 UNION ALL
  SELECT 'SMA0304', 1600.00 UNION ALL
  SELECT 'SMA0404', 600.00 UNION ALL
  SELECT 'SMA0504', 500.00 UNION ALL
  SELECT 'SMA0605', 650.00 UNION ALL
  SELECT 'SMA0702', 200.00 UNION ALL
  SELECT 'SMA0802', 150.00 UNION ALL
  SELECT 'SMA0902', 170.00 UNION ALL
  SELECT 'SMA1002', 680.00 UNION ALL
  SELECT 'SMA1102', 500.00 UNION ALL
  SELECT 'SMA1202', 400.00 UNION ALL
  SELECT 'SMW0102', 450.00 UNION ALL
  SELECT 'SMW0202', 450.00 UNION ALL
  SELECT 'SMW0302', 450.00 UNION ALL
  SELECT 'SMW0402', 450.00 UNION ALL
  SELECT 'SMW0502', 400.00 UNION ALL
  SELECT 'SMW0602', 300.00 UNION ALL
  SELECT 'SHA0105', 2500.00 UNION ALL
  SELECT 'SHA0205', 2400.00 UNION ALL
  SELECT 'SHA0305', 2300.00 UNION ALL
  SELECT 'SHA0405', 2200.00 UNION ALL
  SELECT 'SHA0504', 500.00 UNION ALL
  SELECT 'SHA0604', 500.00 UNION ALL
  SELECT 'SHA0705', 800.00 UNION ALL
  SELECT 'SHA0805', 650.00 UNION ALL
  SELECT 'SHA0904', 500.00 UNION ALL
  SELECT 'SHA1002', 200.00 UNION ALL
  SELECT 'SHA1102', 150.00 UNION ALL
  SELECT 'SHA1201', 150.00 UNION ALL
  SELECT 'SHA1402', 80.00 UNION ALL
  SELECT 'SHA1502', 120.00 UNION ALL
  SELECT 'SHA1600', 599.00 UNION ALL
  SELECT 'SHA1701', 500.00 UNION ALL
  SELECT 'SHW0102', 350.00 UNION ALL
  SELECT 'SHW0202', 250.00 UNION ALL
  SELECT 'SHW0302', 250.00 UNION ALL
  SELECT 'SHW0402', 250.00 UNION ALL
  SELECT 'SHW0502', 550.00 UNION ALL
  SELECT 'SHW0602', 450.00 UNION ALL
  SELECT 'SHW0702', 450.00 UNION ALL
  SELECT 'SHW0802', 400.00 UNION ALL
  SELECT 'SPO0101', 120.00 UNION ALL
  SELECT 'SPO0201', 40.00 UNION ALL
  SELECT 'SPO0301', 220.00 UNION ALL
  SELECT 'SPO0401', 500.00 UNION ALL
  SELECT 'SPO0501', 380.00 UNION ALL
  SELECT 'SPO0601', 350.00 UNION ALL
  SELECT 'SPO0701', 420.00 UNION ALL
  SELECT 'SPO0801', 480.00 UNION ALL
  SELECT 'SSO0101', 1000.00 UNION ALL
  SELECT 'SSO0201', 100.00 UNION ALL
  SELECT 'SSO0302', 210.00 UNION ALL
  SELECT 'SSO0401', 480.00 UNION ALL
  SELECT 'SSO0500', 550.00 UNION ALL
  SELECT 'SSO0600', 900.00 UNION ALL
  SELECT 'SSO0700', 435.00 UNION ALL
  SELECT 'SSO0800', 300.00 UNION ALL
  SELECT 'SCP0101', 0.00 UNION ALL
  SELECT 'SCP0102', 4600.00 UNION ALL
  SELECT 'SCP0103', 1000.00 UNION ALL
  SELECT 'SCP0201', 0.00 UNION ALL
  SELECT 'SCP0202', 4600.00 UNION ALL
  SELECT 'SCP0203', 1000.00 UNION ALL
  SELECT 'SCP0301', 0.00 UNION ALL
  SELECT 'SCP0302', 4600.00 UNION ALL
  SELECT 'SCP0303', 1000.00 UNION ALL
  SELECT 'SCP0401', 0.00 UNION ALL
  SELECT 'SCP0402', 4600.00 UNION ALL
  SELECT 'SCP0403', 1000.00
) AS v
JOIN `product` p ON p.code = v.code;

-- 指派直營店商品至對應類別
INSERT INTO `product_category` (`product_id`, `category_id`)
SELECT p.product_id, c.category_id
FROM `product` p
JOIN `category` c ON c.name = '明星商品' AND c.target_type = 'product'
WHERE p.code IN ('PSA1000', 'PSA1002', 'PSA1003',
                 'PSA2000', 'PSA2001', 'PSA2002', 'PSA2003',
                 'PSB1000', 'PSB1001', 'PSB1002', 'PSB1003',
                 'PSO0100', 'PSO0101', 'PSO0102', 'PSO0103', 'PSO0104', 'PSO0105', 'PSO0106',
                 'PSS0100', 'PSS0101', 'PSS0102')
  AND NOT EXISTS (
    SELECT 1
    FROM `product_category` pc
    WHERE pc.product_id = p.product_id
      AND pc.category_id = c.category_id
  );

INSERT INTO `product_category` (`product_id`, `category_id`)
SELECT p.product_id, c.category_id
FROM `product` p
JOIN `category` c ON c.name = '嚴選商品' AND c.target_type = 'product'
WHERE p.code IN ('PCP0100', 'PCP0101', 'PCP0102',
                 'PCP0200', 'PCP0201', 'PCP0202',
                 'PCP0300', 'PCP0301',
                 'PCP0400', 'PCP0401', 'PCP0402',
                 'PCP0500', 'PCP0501', 'PCP0502',
                 'PCP0600', 'PCP0601', 'PCP0602', 'PCP0603',
                 'PCC0001')
  AND NOT EXISTS (
    SELECT 1
    FROM `product_category` pc
    WHERE pc.product_id = p.product_id
      AND pc.category_id = c.category_id
  );

INSERT INTO `product_category` (`product_id`, `category_id`)
SELECT p.product_id, c.category_id
FROM `product` p
JOIN `category` c ON c.name = 'MINI QP配件' AND c.target_type = 'product'
WHERE p.code IN ('SMA0100', 'SMA0101', 'SMA0102',
                 'SMA0200', 'SMA0201', 'SMA0202',
                 'SMA0300', 'SMA0301', 'SMA0302',
                 'SMA0400', 'SMA0401', 'SMA0402',
                 'SMA0500', 'SMA0501',
                 'SMA0600', 'SMA0601', 'SMA0602',
                 'SMA0700', 'SMA0701', 'SMA0702',
                 'SMA0800', 'SMA0801', 'SMA0802',
                 'SMA0900', 'SMA0901', 'SMA0902',
                 'SMA1000', 'SMA1001', 'SMA1002',
                 'SMA1100', 'SMA1101', 'SMA1102',
                 'SMA1200', 'SMA1201', 'SMA1202')
  AND NOT EXISTS (
    SELECT 1
    FROM `product_category` pc
    WHERE pc.product_id = p.product_id
      AND pc.category_id = c.category_id
  );

INSERT INTO `product_category` (`product_id`, `category_id`)
SELECT p.product_id, c.category_id
FROM `product` p
JOIN `category` c ON c.name = 'MINI QP線材組' AND c.target_type = 'product'
WHERE p.code IN ('SMW0100', 'SMW0101', 'SMW0102',
                 'SMW0200', 'SMW0201', 'SMW0202',
                 'SMW0300', 'SMW0301', 'SMW0302',
                 'SMW0400', 'SMW0401', 'SMW0402',
                 'SMW0500', 'SMW0501', 'SMW0502',
                 'SMW0600', 'SMW0601', 'SMW0602')
  AND NOT EXISTS (
    SELECT 1
    FROM `product_category` pc
    WHERE pc.product_id = p.product_id
      AND pc.category_id = c.category_id
  );

INSERT INTO `product_category` (`product_id`, `category_id`)
SELECT p.product_id, c.category_id
FROM `product` p
JOIN `category` c ON c.name = 'HPA量子儀配件' AND c.target_type = 'product'
WHERE p.code IN ('SHA0100', 'SHA0101', 'SHA0102',
                 'SHA0200', 'SHA0201', 'SHA0202',
                 'SHA0300', 'SHA0301', 'SHA0302',
                 'SHA0400', 'SHA0401', 'SHA0402',
                 'SHA0500', 'SHA0501',
                 'SHA0600', 'SHA0601',
                 'SHA0700', 'SHA0701', 'SHA0702',
                 'SHA0800', 'SHA0801', 'SHA0802',
                 'SHA0900', 'SHA0901',
                 'SHA1000', 'SHA1001', 'SHA1002',
                 'SHA1100', 'SHA1101', 'SHA1102',
                 'SHA1200', 'SHA1201',
                 'SHA1400', 'SHA1401', 'SHA1402',
                 'SHA1500', 'SHA1501', 'SHA1502',
                 'SHA1600',
                 'SHA1700', 'SHA1701')
  AND NOT EXISTS (
    SELECT 1
    FROM `product_category` pc
    WHERE pc.product_id = p.product_id
      AND pc.category_id = c.category_id
  );

INSERT INTO `product_category` (`product_id`, `category_id`)
SELECT p.product_id, c.category_id
FROM `product` p
JOIN `category` c ON c.name = 'HPA 線材組' AND c.target_type = 'product'
WHERE p.code IN ('SHW0100', 'SHW0101', 'SHW0102',
                 'SHW0200', 'SHW0201', 'SHW0202',
                 'SHW0300', 'SHW0301', 'SHW0302',
                 'SHW0400', 'SHW0401', 'SHW0402',
                 'SHW0500', 'SHW0501', 'SHW0502',
                 'SHW0600', 'SHW0601', 'SHW0602',
                 'SHW0700', 'SHW0701', 'SHW0702',
                 'SHW0800', 'SHW0801', 'SHW0802')
  AND NOT EXISTS (
    SELECT 1
    FROM `product_category` pc
    WHERE pc.product_id = p.product_id
      AND pc.category_id = c.category_id
  );

INSERT INTO `product_category` (`product_id`, `category_id`)
SELECT p.product_id, c.category_id
FROM `product` p
JOIN `category` c ON c.name = '理療區備品' AND c.target_type = 'product'
WHERE p.code IN ('SPO0100', 'SPO0200', 'SPO0300', 'SPO0400', 'SPO0500', 'SPO0600', 'SPO0700', 'SPO0800',
                 'SPO0101', 'SPO0201', 'SPO0301', 'SPO0401', 'SPO0501', 'SPO0601', 'SPO0701', 'SPO0801')
  AND NOT EXISTS (
    SELECT 1
    FROM `product_category` pc
    WHERE pc.product_id = p.product_id
      AND pc.category_id = c.category_id
  );

INSERT INTO `product_category` (`product_id`, `category_id`)
SELECT p.product_id, c.category_id
FROM `product` p
JOIN `category` c ON c.name = '其它品項' AND c.target_type = 'product'
WHERE p.code IN ('SSO0100', 'SSO0101',
                 'SSO0200', 'SSO0201',
                 'SSO0300', 'SSO0301', 'SSO0302',
                 'SSO0400', 'SSO0401',
                 'SSO0500',
                 'SSO0600',
                 'SSO0700',
                 'SSO0800')
  AND NOT EXISTS (
    SELECT 1
    FROM `product_category` pc
    WHERE pc.product_id = p.product_id
      AND pc.category_id = c.category_id
  );

INSERT INTO `product_category` (`product_id`, `category_id`)
SELECT p.product_id, c.category_id
FROM `product` p
JOIN `category` c ON c.name = '系統教育訓練' AND c.target_type = 'product'
WHERE p.code IN ('SCP0101', 'SCP0102', 'SCP0103', 'SCP0201', 'SCP0202', 'SCP0203', 'SCP0301', 'SCP0302', 'SCP0303', 'SCP0401', 'SCP0402', 'SCP0403')
  AND NOT EXISTS (
    SELECT 1
    FROM `product_category` pc
    WHERE pc.product_id = p.product_id
      AND pc.category_id = c.category_id
  );

INSERT INTO `therapy` (`code`, `name`, `price`, `content`, `status`) VALUES
('TH001', '全身放鬆按摩', 2800.00, '60分鐘全身按摩，幫助放鬆肌肉，改善血液循環', 'PUBLISHED'),
('TH002', '足部反射按摩', 1800.00, '40分鐘足部按摩，刺激穴位，促進身體機能', 'PUBLISHED'),
('TH003', '肩頸紓壓療程', 1500.00, '30分鐘肩頸按摩，緩解辦公族群常見的肩頸僵硬問題', 'PUBLISHED'),
('TH004', '臉部護理療程', 2500.00, '50分鐘臉部護理，包含清潔、按摩及面膜', 'PUBLISHED'),
('TH005', '芳香精油療程', 3200.00, '70分鐘全身精油按摩，使用進口精油，達到身心放鬆', 'PUBLISHED'),
('TH006', '熱石療法', 3500.00, '80分鐘熱石按摩，深層放鬆肌肉', 'PUBLISHED'),
('TH007', '頭部舒壓療程', 1200.00, '25分鐘頭部按摩，緩解頭痛及壓力', 'PUBLISHED'),
('TH008', '腿部舒緩療程', 1600.00, '35分鐘腿部按摩，改善水腫及疲勞', 'PUBLISHED'),
('TH009', '背部深層療程', 2200.00, '45分鐘背部深層按摩，緩解背部緊繃及疼痛', 'PUBLISHED'),
('TH010', '身體去角質護理', 2000.00, '40分鐘身體去角質，滋潤肌膚', 'PUBLISHED');

INSERT INTO `family_information` (`name`, `relationship`, `age`, `company`, `occupation`, `phone`) VALUES
('王大明', '父親', 58, '台北科技公司', '工程師', '0933123456'),
('林美麗', '母親', 55, '台中醫院', '護理師', '0922654321'),
('陳小華', '配偶', 35, '高雄金融公司', '會計師', '0912345678'),
('李文彬', '父親', 62, '退休', '前教師', '0955123456'),
('張雅琪', '姊妹', 28, '台南設計公司', '平面設計師', '0977987654'),
('吳俊宏', '兄弟', 32, '新竹科學園區', '軟體工程師', '0988123456'),
('趙淑芬', '母親', 60, '家管', '無', '0966654321'),
('周志強', '配偶', 40, '台北外商公司', '業務經理', '0912876543'),
('林宏碩', '父親', 65, '退休', '前經理', '0933567890'),
('陳偉誠', '兄弟', 30, '基隆運輸公司', '司機', '0922123987');

INSERT INTO `emergency_contact` (`name`, `relationship`, `age`, `company`, `occupation`, `phone`) VALUES
('王小明', '兄弟', 45, '台北電子公司', '業務', '0933234567'),
('林美玲', '姊妹', 42, '台中學校', '老師', '0922765432'),
('陳大忠', '朋友', 36, '高雄銀行', '經理', '0912567890'),
('李芳芳', '朋友', 38, '台南醫院', '醫生', '0955234567'),
('張志明', '配偶', 30, '新竹半導體公司', '工程師', '0977098765'),
('吳美花', '姐妹', 33, '宜蘭旅行社', '導遊', '0988234567'),
('趙家豪', '朋友', 31, '台北健身房', '教練', '0966765432'),
('周美玲', '母親', 58, '家管', '無', '0912987654'),
('林大勇', '朋友', 40, '基隆海運公司', '經理', '0933678901'),
('陳雅婷', '配偶', 32, '新北教育中心', '老師', '0922234098');

INSERT INTO `work_experience` (`start_date`, `end_date`, `company_name`, `department`, `job_title`, `supervise_name`, `department_telephone`, `salary`, `is_still_on_work`, `working_department`) VALUES
('2015-01-15', '2018-05-30', '台北國際美容集團', '按摩部門', '按摩師', '王主任', '02-12345678', 35000.00, 0, NULL),
('2016-03-10', '2020-12-31', '國際健康養生館', '芳療部門', '芳療師', '林經理', '04-87654321', 38000.00, 0, NULL),
('2017-06-20', NULL, '幸福美容中心', '美容部門', '美容師', '陳副理', '07-22334455', 42000.00, 1, '美容部'),
('2018-09-01', '2021-03-15', '健康樂活診所', '諮詢部門', '諮詢師', '李院長', '06-33445566', 40000.00, 0, NULL),
('2019-02-15', NULL, '快樂芳療中心', '芳療部門', '資深芳療師', '張總監', '03-55667788', 45000.00, 1, '芳療部'),
('2017-08-10', '2019-11-30', '美麗人生美容院', '美容部門', '美容顧問', '吳店長', '02-66778899', 36000.00, 0, NULL),
('2020-01-05', NULL, '養生會館', '按摩部門', '按摩師', '趙主任', '02-99887766', 38000.00, 1, '按摩部'),
('2016-05-20', '2019-08-15', '好心情SPA館', 'SPA部門', 'SPA師', '周經理', '04-11223344', 39000.00, 0, NULL),
('2018-11-10', NULL, '活力美容中心', '保養部門', '保養顧問', '林總監', '02-55443322', 41000.00, 1, '保養部'),
('2019-04-01', '2022-02-28', '自然美集團', '美容部門', '護膚師', '陳經理', '07-66554433', 37000.00, 0, NULL);

INSERT INTO `hiring_information` (`probation_period`, `duration`, `salary`, `official_employment_date`, `approval_date`, `disqualification_date`, `note`) VALUES
(3, 12, 35000.00, '2019-04-01', '2019-03-15', NULL, '表現優良，準時到職'),
(3, 12, 38000.00, '2020-01-15', '2020-01-05', NULL, '技術熟練，客戶滿意度高'),
(2, 24, 42000.00, '2020-07-01', '2020-06-20', NULL, '有豐富的美容經驗'),
(3, 12, 40000.00, '2021-05-15', '2021-05-01', NULL, '應變能力強，溝通技巧佳'),
(2, 24, 45000.00, '2021-09-01', '2021-08-20', NULL, '持有多項專業證照'),
(3, 12, 36000.00, '2022-01-10', '2021-12-25', '2022-05-30', '不適應工作環境，自行離職'),
(3, 12, 38000.00, '2022-03-15', '2022-03-01', NULL, '工作態度積極，學習能力強'),
(2, 24, 39000.00, '2022-06-01', '2022-05-20', NULL, '對產品了解深入，銷售能力佳'),
(3, 12, 41000.00, '2022-09-15', '2022-09-01', '2023-02-15', '個人因素離職'),
(3, 12, 37000.00, '2023-01-01', '2022-12-20', NULL, '顧客服務能力強，深受客戶喜愛');

INSERT INTO `usual_sympton_and_family_history`
(`HPA_selection`, `meridian_selection`, `neck_and_shoulder_selection`, `anus_selection`, `family_history_selection`, `others`, `member_id`)
VALUES
('["頭暈"]', '["下半身易水腫"]', '["背緊肩周痛"]', '["消化不良"]', '["糖尿病"]', '經常失眠', 1),
('["偏頭痛"]', '["膝蓋疼痛"]', '["肩頸痠痛"]', '["排便不順"]', '["高血壓"]', '容易緊張', 2),
('["睡眠不足或不佳"]', '["腿部痠痛無力"]', '["時常昏沉"]', '["腰部酸痛"]', '["腸胃疾病"]', '容易疲勞', 3),
('["注意力不集中"]', '["靜脈曲張"]', '["脖子僵硬"]', '["新陳代謝差"]', '["自體免疫疾病"]', '經常熬夜', 4),
('["壓力大"]', '["無"]', '["易緊張"]', '["易脹氣"]', '["癌症"]', '過敏體質', 5),
('["頭暈"]', '["下半身易水腫"]', '["背緊肩周痛"]', '["消化不良"]', '["高血壓"]', '容易感冒', 6),
('["偏頭痛"]', '["膝蓋疼痛"]', '["肩頸痠痛"]', '["排便不順"]', '["腸胃疾病"]', '血液循環不良', 7),
('["睡眠不足或不佳"]', '["腿部痠痛無力"]', '["時常昏沉"]', '["腰部酸痛"]', '["糖尿病"]', '長期工作壓力大', 8),
('["注意力不集中"]', '["靜脈曲張"]', '["脖子僵硬"]', '["新陳代謝差"]', '["自體免疫疾病"]', '貧血', 9),
('["壓力大"]', '["無"]', '["易緊張"]', '["易脹氣"]', '["癌症"]', '容易焦慮', 10);

INSERT INTO `staff` (`family_information_id`, `emergency_contact_id`, `work_experience_id`, `hiring_information_id`, `name`, `gender`, `fill_date`, `onboard_date`, `nationality`, `education`, `married`, `position`, `phone`, `national_id`, `mailing_address`, `registered_address`,`store_id`) VALUES
(1, 1, 1, 1, '黃怡君', '女', '2019-03-15', '2019-04-01', '台灣', '專科', 0, '芳療師', '0911111111', 'A123456789', '台北市信義區松仁路100號', '台北市信義區松仁路100號', 1),
(2, 2, 2, 2, '陳信宏', '男', '2020-01-05', '2020-01-15', '台灣', '大學', 0, '課程顧問', '0922222222', 'B234567890', '台中市西屯區文心路一段100號', '台中市西屯區文心路一段100號', 2),
(3, 3, 3, 3, '林佳蓉', '女', '2020-06-20', '2020-07-01', '台灣', '大學', 1, '美容師', '0933333333', 'C345678901', '高雄市三民區明誠一路100號', '高雄市三民區明誠一路100號', 3),
(4, 4, 4, 4, '周柏宇', '男', '2021-05-01', '2021-05-15', '台灣', '高中', 0, '櫃檯人員', '0944444444', 'D456789012', '台南市東區大學路一段100號', '台南市東區大學路一段100號', 4),
(5, 5, 5, 5, '徐書芸', '女', '2021-08-20', '2021-09-01', '台灣', '研究所', 1, '芳療師', '0955555555', 'E567890123', '新竹市東區光復路二段100號', '新竹市東區光復路二段100號', 5),
(6, 6, 6, 6, '吳宗憲', '男', '2021-12-25', '2022-01-10', '台灣', '大學', 1, '課程顧問', '0966666666', 'F678901234', '宜蘭縣宜蘭市中山路二段100號', '宜蘭縣宜蘭市中山路二段100號', 6),
(7, 7, 7, 7, '楊雅雯', '女', '2022-03-01', '2022-03-15', '台灣', '專科', 0, '櫃檯人員', '0977777777', 'G789012345', '台北市大安區復興南路一段100號', '台北市大安區復興南路一段100號', 7),
(8, 8, 8, 8, '張宏志', '男', '2022-05-20', '2022-06-01', '台灣', '研究所', 1, '營運主管', '0988888888', 'H890123456', '台中市北屯區文心路四段100號', '台中市北屯區文心路四段100號', 8),
(9, 9, 9, 9, '朱雅婷', '女', '2022-09-01', '2022-09-15', '台灣', '大學', 0, '美容師', '0999999999', 'I901234567', '基隆市中正區中正路100號', '基隆市中正區中正路100號', 9),
(10, 10, 10, 10, '簡志強', '男', '2022-12-20', '2023-01-01', '台灣', '大學', 1, '店長', '0910000000', 'J012345678', '新北市板橋區中山路一段100號', '新北市板橋區中山路一段100號', 10);


INSERT INTO `health_status` (`member_id`, `health_status_selection`, `others`) VALUES
(1, '["headache", "fatigue"]', 'Occasional migraine in the evening'),
(2, '["healthy"]', NULL),
(3, '["allergy", "cough"]', 'Allergic to dust'),
(4, '["fever", "muscle pain"]', 'Fever started yesterday night'),
(5, '["healthy"]', NULL),
(6, '["dizziness", "nausea"]', 'Experienced after taking medication'),
(7, '["cough", "sore throat"]', 'Dry throat persists for 3 days'),
(8, '["healthy"]', NULL),
(9, '["back pain", "fatigue"]', 'Due to long hours of sitting'),
(10, '["healthy"]', NULL);

INSERT INTO `medical_record` (`member_id`, `usual_sympton_and_family_history_id`, `height`, `weight`, `micro_surgery`, `store_id`, `health_status_id`) VALUES
(1, 1, 165.5, 55.8, 1, 1, 1),
(2, 2, 178.3, 75.2, 2, 2, 2),
(3, 3, 162.0, 50.5, 3, 3, 3),
(4, 4, 180.5, 78.1, 4, 4, 1),
(5, 5, 158.0, 48.3, 5, 5, 2),
(6, 6, 175.0, 70.6, 6, 6, 3),
(7, 7, 164.5, 53.9, 7, 7, 4),
(8, 8, 182.0, 80.4, 8, 8, 5),
(9, 9, 160.0, 51.2, 9, 9, 6),
(10, 10, 170.5, 65.7, 10, 10, 7);

INSERT INTO `inventory` (`product_id`, `staff_id`, `date`, `quantity`, `stock_in`, `stock_out`, `stock_loan`, `store_id`, `stock_threshold`, `supplier`, `buyer`, `voucher`, `note`) VALUES
(1, 1, '2023-01-10', 50, 10, 5, 0, 1, 10, '', '', '', ''),
(2, 2, '2023-01-15', 30, 5, 2, 0, 2, 15, '', '', '', ''),
(3, 3, '2023-02-01', 40, 8, 3, 0, 3, 20, '', '', '', ''),
(4, 4, '2023-02-15', 25, 3, 1, 0, 4, 15, '', '', '', ''),
(5, 5, '2023-03-01', 35, 7, 2, 0, 5, 25, '', '', '', ''),
(6, 6, '2023-03-15', 20, 4, 1, 0, 6, 10, '', '', '', ''),
(7, 7, '2023-04-01', 30, 6, 2, 0, 7, 20, '', '', '', ''),
(8, 8, '2023-04-15', 25, 2, 1, 0, 8, 15, '', '', '', ''),
(9, 9, '2023-05-01', 40, 9, 3, 0, 9, 30, '', '', '', ''),
(10, 10, '2023-05-15', 15, 1, 0, 0, 10, 5, '', '', '', '');

INSERT INTO `therapy_sell` (`therapy_id`, `member_id`, `store_id`, `staff_id`, `date`, `amount`, `discount`, `final_price`, `payment_method`, `sale_category`, `note`) VALUES
(1, 1, 1, 1, '2023-01-15', 20, 0, 56000.00, 'Cash', 'Sell', ''),
(2, 2, 2, 2, '2023-01-20', 20, 300, 35700.00, 'CreditCard', 'Sell', ''),
(3, 3, 3, 3, '2023-02-05', 20, 0, 30000.00, 'Cash', 'Sell', ''),
(4, 4, 4, 4, '2023-02-10', 20, 200, 49800.00, 'Cash', 'Sell', ''),
(5, 5, 5, 5, '2023-03-01', 20, 500, 63500.00, 'Cash', 'Sell', ''),
(6, 6, 6, 6, '2023-03-20', 20, 0, 70000.00, 'Cash', 'Sell', ''),
(7, 7, 7, 7, '2023-04-05', 20, 300, 23700.00, 'Cash', 'Sell', ''),
(8, 8, 8, 8, '2023-04-15', 20, 400, 31600.00, 'Cash', 'Sell', ''),
(9, 9, 9, 9, '2023-05-01', 20, 600, 43400.00, 'Cash', 'Sell', ''),
(10, 10, 10, 10, '2023-05-15', 20, 0, 40000.00, 'Cash', 'Sell', '');

INSERT INTO `therapy_record` (`therapy_id`, `member_id`, `store_id`, `staff_id`, `date`, `note`, `deduct_sessions`, `remaining_sessions_at_time`) VALUES
(1, 1, 1, 1, '2023-01-20', '客戶反應良好，肩頸壓力明顯舒緩', 1, 19),
(2, 2, 2, 2, '2023-01-25', '背部肌肉緊繃，建議一週後回診', 1, 19),
(3, 3, 3, 3, '2023-02-10', '客戶滿意度高，預約下次療程', 1, 19),
(4, 4, 4, 4, '2023-02-15', '腿部水腫改善明顯', 1, 19),
(5, 5, 5, 5, '2023-03-05', '睡眠品質改善，客戶表示精神變好', 1, 19),
(6, 6, 6, 6, '2023-03-25', '頭痛症狀緩解，建議持續追蹤', 1, 19),
(7, 7, 7, 7, '2023-04-10', '肌膚狀態明顯改善', 1, 19),
(8, 8, 8, 8, '2023-04-20', '體重下降2公斤，客戶表示滿意', 1, 19),
(9, 9, 9, 9, '2023-05-05', '頸部僵硬情況有所改善，建議增加次數', 1, 19),
(10, 10, 10, 10, '2023-05-20', '整體身體狀況良好，維持每月一次療程', 1, 19);

INSERT INTO `ipn_pure` (`member_id`, `staff_id`, `visceral_fat`, `blood_preasure`, `basal_metabolic_rate`, `date`, `body_age`, `height`, `weight`, `bmi`, `pure_item`, `note`, `store_id`) VALUES
(1, 1, 5.5, '120/80', 1200, '2023-01-25', 32, 165.5, 55.8, 20.5, '基礎測量', '整體健康狀態良好', 1),
(2, 2, 7.2, '130/85', 1500, '2023-02-01', 35, 178.3, 75.2, 23.8, '全身分析', '建議增加有氧運動', 2),
(3, 3, 4.8, '115/75', 1100, '2023-02-15', 28, 162.0, 50.5, 19.5, '健康追蹤', '代謝狀態穩定', 3),
(4, 4, 8.5, '135/90', 1600, '2023-03-01', 40, 180.5, 78.1, 24.2, '全身分析', '肌肉比例良好，脂肪略高', 4),
(5, 5, 4.2, '110/70', 1050, '2023-03-15', 27, 158.0, 48.3, 19.2, '基礎測量', '整體健康，建議增加蛋白質攝取', 5),
(6, 6, 7.8, '125/85', 1450, '2023-04-01', 38, 175.0, 70.6, 23.1, '健康追蹤', '血壓略高，建議控制鹽分攝取', 6),
(7, 7, 5.0, '118/75', 1150, '2023-04-15', 30, 164.5, 53.9, 20.1, '全身分析', '身體狀態穩定', 7),
(8, 8, 9.2, '140/90', 1650, '2023-05-01', 42, 182.0, 80.4, 24.5, '健康追蹤', '建議增加運動頻率', 8),
(9, 9, 4.5, '112/72', 1080, '2023-05-15', 29, 160.0, 51.2, 19.8, '基礎測量', '整體健康狀態佳', 9),
(10, 10, 6.5, '122/82', 1350, '2023-06-01', 34, 170.5, 65.7, 22.5, '全身分析', '身體素質良好，平衡飲食', 10);

INSERT INTO `product_sell` 
(`member_id`, `staff_id`, `store_id`, `product_id`, `date`, `quantity`, `unit_price`, `discount_amount`, `final_price`, `payment_method`, `sale_category`, `note`) 
VALUES
(1, 1, 1, 1, '2024-05-01', 2, 580.00, 60.00, 1100.00, 'CreditCard', '一般銷售', '客戶加購'),
(2, 2, 2, 3, '2024-05-03', 1, 450.00, 0.00, 450.00, 'Cash', '促銷活動', '新品體驗'),
(3, 3, 1, 6, '2024-05-05', 3, 1500.00, 300.00, 4200.00, 'Transfer', '熟客優惠', ''),
(4, 1, 3, 2, '2024-05-10', 1, 1200.00, 120.00, 1080.00, 'MobilePayment', '一般銷售', '指定商品折扣'),
(5, 4, 2, 7, '2024-05-12', 2, 850.00, 0.00, 1700.00, 'CreditCard', '組合優惠', '買A送B活動'),
(1, 5, 1, 4, '2024-05-15', 1, 780.00, 0.00, 780.00, 'Cash', '一般銷售', NULL),
(6, 2, 4, 5, '2024-05-18', 1, 650.00, 50.00, 600.00, 'CreditCard', '特殊折扣', '員工親友'),
(7, 3, 5, 8, '2024-05-20', 2, 720.00, 100.00, 1340.00, 'Transfer', '一般銷售', '大量購買'),
(8, 6, 1, 9, '2024-05-25', 1, 380.00, 0.00, 380.00, 'Cash', '清倉特賣', ''),
(2, 7, 2, 10, '2024-05-28', 1, 550.00, 25.00, 525.00, 'MobilePayment', '一般銷售', '會員生日禮');

-- ========================================
-- 銷售單 (Sales Orders) 模擬資料
-- ========================================

-- --- 銷售單 1 (包含一個產品和一個療程) ---
INSERT INTO `sales_orders` 
(`order_number`, `order_date`, `member_id`, `staff_id`, `store_id`, `subtotal`, `total_discount`, `grand_total`, `sale_category`, `note`)
VALUES
('SO-20250623-001', '2025-06-23', 2, 3, 1, 8700.00, 200.00, 8500.00, '一般銷售', '客戶詢問下次活動時間');

-- 關聯到上面那張銷售單的項目 (使用 LAST_INSERT_ID() 來自動獲取剛剛新增的 order_id)
INSERT INTO `sales_order_items`
(`order_id`, `product_id`, `therapy_id`, `item_description`, `item_type`, `unit`, `unit_price`, `quantity`, `subtotal`, `category`, `note`)
VALUES
(LAST_INSERT_ID(), 2, NULL, '精華液', 'Product', '瓶', 1200.00, 1, 1200.00, '護膚產品', ''),
(LAST_INSERT_ID(), NULL, 3, '肩頸紓壓療程', 'Therapy', '堂', 1500.00, 5, 7500.00, '身體療程', '指定3號療程師');


-- --- 銷售單 2 (只包含一個產品) ---
INSERT INTO `sales_orders` 
(`order_number`, `order_date`, `member_id`, `staff_id`, `store_id`, `subtotal`, `total_discount`, `grand_total`, `sale_category`, `note`)
VALUES
('SO-20250622-001', '2025-06-22', 7, 1, 2, 3000.00, 0.00, 3000.00, '熟客優惠', '');

-- 關聯到上面那張銷售單的項目
INSERT INTO `sales_order_items`
(`order_id`, `product_id`, `therapy_id`, `item_description`, `item_type`, `unit`, `unit_price`, `quantity`, `subtotal`, `category`, `note`)
VALUES
(LAST_INSERT_ID(), 6, NULL, '膠原蛋白粉', 'Product', '盒', 1500.00, 2, 3000.00, '保健食品', '客戶要求分兩次取貨');


-- 壓力源測試樣本資料
INSERT INTO `ipn_stress` (`member_id`, `a_score`, `b_score`, `c_score`, `d_score`, `test_date`, `store_id`) VALUES
(1, 3, 4, 5, 2, '2024-06-30', 1);
SET @stress_id1 := LAST_INSERT_ID();
INSERT INTO `ipn_stress_answer` (`ipn_stress_id`, `question_no`, `answer`) VALUES
(@stress_id1, 'a1', 'A'), (@stress_id1, 'a2', 'B'), (@stress_id1, 'a3', 'A'), (@stress_id1, 'a4', 'B'), (@stress_id1, 'a5', 'A'),
(@stress_id1, 'b1', 'A'), (@stress_id1, 'b2', 'B'), (@stress_id1, 'b3', 'A'), (@stress_id1, 'b4', 'B'), (@stress_id1, 'b5', 'A'),
(@stress_id1, 'c1', 'B'), (@stress_id1, 'c2', 'A'), (@stress_id1, 'c3', 'B'), (@stress_id1, 'c4', 'A'), (@stress_id1, 'c5', 'B'),
(@stress_id1, 'd1', 'A'), (@stress_id1, 'd2', 'B'), (@stress_id1, 'd3', 'A'), (@stress_id1, 'd4', 'B'), (@stress_id1, 'd5', 'A');

INSERT INTO `ipn_stress` (`member_id`, `a_score`, `b_score`, `c_score`, `d_score`, `test_date`, `store_id`) VALUES
(2, 4, 5, 3, 4, '2024-07-01', 2);
SET @stress_id2 := LAST_INSERT_ID();
INSERT INTO `ipn_stress_answer` (`ipn_stress_id`, `question_no`, `answer`) VALUES
(@stress_id2, 'a1', 'B'), (@stress_id2, 'a2', 'A'), (@stress_id2, 'a3', 'B'), (@stress_id2, 'a4', 'A'), (@stress_id2, 'a5', 'B'),
(@stress_id2, 'b1', 'B'), (@stress_id2, 'b2', 'A'), (@stress_id2, 'b3', 'B'), (@stress_id2, 'b4', 'A'), (@stress_id2, 'b5', 'B'),
(@stress_id2, 'c1', 'A'), (@stress_id2, 'c2', 'B'), (@stress_id2, 'c3', 'A'), (@stress_id2, 'c4', 'B'), (@stress_id2, 'c5', 'A'),
(@stress_id2, 'd1', 'B'), (@stress_id2, 'd2', 'A'), (@stress_id2, 'd3', 'B'), (@stress_id2, 'd4', 'A'), (@stress_id2, 'd5', 'B');

-- Seed product and therapy categories
INSERT INTO `category` (`name`, `target_type`) VALUES
('未歸類', 'product'),
('明星商品', 'product'),
('嚴選商品', 'product'),
('MINI QP配件', 'product'),
('MINI QP線材組', 'product'),
('HPA量子儀配件', 'product'),
('HPA 線材組', 'product'),
('系統教育訓練', 'product'),
('未歸類', 'therapy'),
('IPN 身體課程', 'therapy'),
('澎湖店限定', 'therapy'),
('未歸類', 'product_bundle'),
('嚴選商品', 'product_bundle'),
('未歸類', 'therapy_bundle'),
('IPN 身體課程', 'therapy_bundle'),
('台北店/台中店/桃園店限定', 'therapy_bundle'),
('桃園店限定', 'therapy_bundle'),
('澎湖店限定', 'therapy_bundle'),
('桃園店/澎湖店限定', 'therapy_bundle');

-- Assign products to categories
INSERT INTO `product_category` (`product_id`, `category_id`)
SELECT p.product_id, c.category_id
FROM `product` p
JOIN `category` c ON c.name = '明星商品' AND c.target_type = 'product'
WHERE p.code IN (
  'PSA1001','PSA1002','PSA1003','PSA1004','PSA1005','PSA1006','PSA1007','PSA1008','PSA1009','PSA1010',
  'PSA2001','PSA2002','PSA2003','PSA2004','PSA2005','PSA2006','PSA2007','PSA2008','PSA2009','PSA2010',
  'PSB1001','PSB1002','PSB1003','PSB1004','PSB1005','PSB1006','PSB1007','PSB1008','PSB1009','PSB1010',
  'PSO0101','PSO0102','PSO0103','PSO0104','PSO0105','PSO0106','PSO0107','PSO0108','PSO0109','PSO0110','PSO0111',
  'PSS0101','PSS0102','PSS0103','PSS0104','PSS0105','PSS0106','PSS0107'
)
  AND NOT EXISTS (
    SELECT 1
    FROM `product_category` pc
    WHERE pc.product_id = p.product_id
      AND pc.category_id = c.category_id
  );

INSERT INTO `product_category` (`product_id`, `category_id`)
SELECT p.product_id, c.category_id
FROM `product` p
JOIN `category` c ON c.name = '嚴選商品' AND c.target_type = 'product'
WHERE p.code IN (
  'PCP0101','PCP0102','PCP0103','PCP0104','PCP0105','PCP0106',
  'PCP0201','PCP0202','PCP0203','PCP0204','PCP0205','PCP0206',
  'PCP0301','PCP0302','PCP0303',
  'PCP0401','PCP0402','PCP0403','PCP0404',
  'PCP0501','PCP0502','PCP0503',
  'PCP0604',
  'PCC0001'
)
  AND NOT EXISTS (
    SELECT 1
    FROM `product_category` pc
    WHERE pc.product_id = p.product_id
      AND pc.category_id = c.category_id
  );

INSERT INTO `product_category` (`product_id`, `category_id`)
SELECT p.product_id, c.category_id
FROM `product` p
JOIN `category` c ON c.name = 'MINI QP配件' AND c.target_type = 'product'
WHERE p.code IN (
  'SMA0101','SMA0102','SMA0103','SMA0104',
  'SMA0201','SMA0202','SMA0203','SMA0204',
  'SMA0301','SMA0302','SMA0303','SMA0304',
  'SMA0401','SMA0402','SMA0403','SMA0404',
  'SMA0501','SMA0502','SMA0503','SMA0504',
  'SMA0601','SMA0602','SMA0603','SMA0604','SMA0605',
  'SMA0701','SMA0702','SMA0703',
  'SMA0801','SMA0802',
  'SMA0901','SMA0902','SMA0903'
)
  AND NOT EXISTS (
    SELECT 1
    FROM `product_category` pc
    WHERE pc.product_id = p.product_id
      AND pc.category_id = c.category_id
  );

INSERT INTO `product_category` (`product_id`, `category_id`)
SELECT p.product_id, c.category_id
FROM `product` p
JOIN `category` c ON c.name = 'MINI QP線材組' AND c.target_type = 'product'
WHERE p.code IN ('SMW0101','SMW0102','SMW0103','SMW0104','SMW0105','SMW0106')
  AND NOT EXISTS (
    SELECT 1
    FROM `product_category` pc
    WHERE pc.product_id = p.product_id
      AND pc.category_id = c.category_id
  );

INSERT INTO `product_category` (`product_id`, `category_id`)
SELECT p.product_id, c.category_id
FROM `product` p
JOIN `category` c ON c.name = 'HPA量子儀配件' AND c.target_type = 'product'
WHERE p.code IN (
  'SHA0101','SHA0102','SHA0103','SHA0104','SHA0105',
  'SHA0201','SHA0202','SHA0203','SHA0204','SHA0205',
  'SHA0301','SHA0302','SHA0303','SHA0304','SHA0305',
  'SHA0401','SHA0402','SHA0403','SHA0404','SHA0405',
  'SHA0501','SHA0502','SHA0503','SHA0504',
  'SHA0601','SHA0602','SHA0603','SHA0604',
  'SHA0701','SHA0702','SHA0703','SHA0704','SHA0705',
  'SHA0801','SHA0802','SHA0803','SHA0804','SHA0805',
  'SHA0901','SHA0902','SHA0903','SHA0904',
  'SHA1001','SHA1002','SHA1003','SHA1004','SHA1005',
  'SHA1101','SHA1102',
  'SHA1201','SHA1202','SHA1203'
)
  AND NOT EXISTS (
    SELECT 1
    FROM `product_category` pc
    WHERE pc.product_id = p.product_id
      AND pc.category_id = c.category_id
  );

INSERT INTO `product_category` (`product_id`, `category_id`)
SELECT p.product_id, c.category_id
FROM `product` p
JOIN `category` c ON c.name = 'HPA 線材組' AND c.target_type = 'product'
WHERE p.code IN (
  'SHW0101','SHW0102',
  'SHW0201','SHW0202',
  'SHW0301','SHW0302',
  'SHW0401','SHW0402',
  'SHW0501','SHW0502',
  'SHW0601','SHW0602',
  'SHW0701','SHW0702',
  'SHW0801','SHW0802'
)
  AND NOT EXISTS (
    SELECT 1
    FROM `product_category` pc
    WHERE pc.product_id = p.product_id
      AND pc.category_id = c.category_id
  );

INSERT INTO `product_category` (`product_id`, `category_id`)
SELECT p.product_id, c.category_id
FROM `product` p
JOIN `category` c ON c.name = '系統教育訓練' AND c.target_type = 'product'
WHERE p.code IN (
  'SSO0101','SSO0102','SSO0103','SSO0104','SSO0105','SSO0106','SSO0107','SSO0108','SSO0109',
  'SCP0101','SCP0102','SCP0103',
  'SCP0201','SCP0202','SCP0203',
  'SCP0301','SCP0302','SCP0303',
  'SCP0401','SCP0402','SCP0403'
)
  AND NOT EXISTS (
    SELECT 1
    FROM `product_category` pc
    WHERE pc.product_id = p.product_id
      AND pc.category_id = c.category_id
  );

-- Assign therapies to categories
INSERT INTO `therapy_category` (`therapy_id`, `category_id`)
SELECT t.therapy_id, c.category_id
FROM `therapy` t
JOIN `category` c ON c.name = 'IPN 身體課程' AND c.target_type = 'therapy'
WHERE t.code IN ('COF0101','COL0101','COM0101','COB0101','COH0101','COO0101','COS0101');

INSERT INTO `therapy_category` (`therapy_id`, `category_id`)
SELECT t.therapy_id, c.category_id
FROM `therapy` t
JOIN `category` c ON c.name = '未歸類' AND c.target_type = 'therapy'
WHERE t.code IN ('COO0100','COZ0111','COZ0112');

INSERT INTO `therapy_category` (`therapy_id`, `category_id`)
SELECT t.therapy_id, c.category_id
FROM `therapy` t
JOIN `category` c ON c.name = '澎湖店限定' AND c.target_type = 'therapy'
WHERE t.code IN ('CCP0001');

-- Assign product bundles to categories
INSERT INTO `product_bundle_category` (`bundle_id`, `category_id`)
SELECT pb.bundle_id, c.category_id
FROM `product_bundles` pb
JOIN `category` c ON c.name = '嚴選商品' AND c.target_type = 'product_bundle'
WHERE pb.bundle_code IN ('PCP0002','PCP0003','PCP0502','PCP0503');

-- Assign therapy bundles to categories
INSERT INTO `therapy_bundle_category` (`bundle_id`, `category_id`)
SELECT tb.bundle_id, c.category_id
FROM `therapy_bundles` tb
JOIN `category` c ON c.name = 'IPN 身體課程' AND c.target_type = 'therapy_bundle'
WHERE tb.bundle_code IN ('COF0102','COL0102','COB0102','COH0102','COO0102','COO0103','COO0104','COO0105');

INSERT INTO `therapy_bundle_category` (`bundle_id`, `category_id`)
SELECT tb.bundle_id, c.category_id
FROM `therapy_bundles` tb
JOIN `category` c ON c.name = '台北店/台中店/桃園店限定' AND c.target_type = 'therapy_bundle'
WHERE tb.bundle_code IN ('CPP0001','CPP0002','CPP0003','CPP0004');

INSERT INTO `therapy_bundle_category` (`bundle_id`, `category_id`)
SELECT tb.bundle_id, c.category_id
FROM `therapy_bundles` tb
JOIN `category` c ON c.name = '桃園店限定' AND c.target_type = 'therapy_bundle'
WHERE tb.bundle_code IN ('CDP0001','CDP0002','CDP0003');

INSERT INTO `therapy_bundle_category` (`bundle_id`, `category_id`)
SELECT tb.bundle_id, c.category_id
FROM `therapy_bundles` tb
JOIN `category` c ON c.name = '澎湖店限定' AND c.target_type = 'therapy_bundle'
WHERE tb.bundle_code IN ('CCP0002','CCP0003','CCP0004','CCP0005');

INSERT INTO `therapy_bundle_category` (`bundle_id`, `category_id`)
SELECT tb.bundle_id, c.category_id
FROM `therapy_bundles` tb
JOIN `category` c ON c.name = '桃園店/澎湖店限定' AND c.target_type = 'therapy_bundle'
WHERE tb.bundle_code IN ('CQP0001','CQP0002');
